"","country","year","forest_area_sq_km_ag_lnd_frst_k2","co2_emissions_kg_per_2015_us_of_gdp_en_atm_co2e_kd_gd","net_migration_sm_pop_netm","population_density_people_per_sq_km_of_land_area_en_pop_dnst","ict_goods_exports_percent_of_total_goods_exports_tx_val_ictg_zs_un","multidimensional_poverty_index_scale_0_1_si_pov_mdim_xq","gdp_per_capita_constant_2015_us_ny_gdp_pcap_kd","gdp_growth_annual_percent_ny_gdp_mktp_kd_zg","gdp_constant_2015_us_ny_gdp_mktp_kd","human_capital_index_hci_scale_0_1_hd_hci_ovrl","mobile_cellular_subscriptions_it_cel_sets","secure_internet_servers_it_net_secr","individuals_using_the_internet_percent_of_population_it_net_user_zs","arable_land_hectares_per_person_ag_lnd_arbl_ha_pc"
"1","American Samoa",2010,174.3,NA,-1475,274.245,NA,NA,12532.3111237111,0.299850074962521,687384732.824428,NA,NA,3,NA,0.0156794107458659
"2","American Samoa",2011,174,NA,-1509,271.55,NA,NA,12656.6881389142,0,687384732.824428,NA,NA,1,NA,0.0160191493279322
"3","American Samoa",2012,173.7,NA,-1538,268.455,NA,NA,12247.6352882148,-4.33482810164425,657587786.259542,NA,NA,1,NA,0.0163900839991805
"4","American Samoa",2013,173.4,NA,-1575,264.975,NA,NA,12098.2751505435,-2.5,641148091.603054,NA,NA,0,NA,0.0167940371733182
"5","American Samoa",2014,173.1,NA,-1602,261.085,NA,NA,12494.9802110307,1.76282051282051,652450381.679389,NA,NA,24,NA,0.0172357661298045
"6","American Samoa",2015,172.8,NA,-1629,256.84,NA,NA,13101.5418159165,3.14960629921259,6.73e+08,NA,NA,1,NA,0.0177153091418782
"7","American Samoa",2016,172.5,NA,-1641,252.24,NA,NA,13116.4309769201,-1.67938931297709,661697709.923664,NA,NA,10,NA,0.0182366000634317
"8","American Samoa",2017,172.2,NA,-1652,247.315,NA,NA,12442.8576653719,-6.98757763975155,615461068.70229,NA,NA,55,NA,0.018801932757819
"9","American Samoa",2018,171.9,NA,-1652,242.12,NA,NA,13049.3301536176,2.6711185308848,631900763.358779,NA,NA,25,NA,0.0194118618866678
"10","American Samoa",2019,171.6,NA,-1650,236.605,NA,NA,13288.3565565116,-0.487804878048777,628818320.610687,NA,NA,19,NA,0.0200756535153526
"11","American Samoa",2020,171.3,NA,-1636,230.945,NA,NA,14303.6270325756,5.06535947712419,660670229.007634,NA,NA,12,NA,0.0207841693909805
"12","Angola",2010,721580,0.326067183009353,90016,18.7408237747654,NA,NA,2992.99292481041,4.398375937818,69928840398.9615,NA,9403365,30,2.8,0.179762315698151
"13","Angola",2011,716029.38,0.329834897660265,94709,19.4586596615064,NA,NA,2982.66523053463,3.47205314798103,72356806903.3803,NA,12073218,45,4.7,0.193741642057699
"14","Angola",2012,710478.76,0.303905379604755,96056,20.2039720863079,NA,NA,3118.02018277884,8.54210707584141,78537602825.7269,NA,12785109,80,7.7,0.186594628964918
"15","Angola",2013,704928.14,0.327054231731941,91528,20.9729702414374,NA,NA,3152.51580772684,4.95461303112738,82428837129.6654,NA,13285198,119,13,0.185298490434965
"16","Angola",2014,699377.52,0.342698188650863,84532,21.7601163070506,NA,NA,3185.00970610559,4.82255926962156,86404016655.5033,NA,14052558,160,21.4,0.184677741212077
"17","Angola",2015,693826.9,0.362865786133063,74170,22.5617397930537,0.024026653,0.264,3100.83068530533,0.943571561325001,87219300384.5072,NA,13884532,227,22,0.18220459453505
"18","Angola",2016,688276.2,0.347429285504554,91623,23.385534611374,0.0306570298,NA,2914.41213130922,-2.5801112218828,84968945427.6388,NA,13001124,240,23.2,0.183400671712249
"19","Angola",2017,682725.7,0.295422486840164,77733,24.2308719018208,0.0183903821,NA,2808.59871467039,-0.147149825449205,84843913772.756,0.361,13323952,322,26,0.177167926990925
"20","Angola",2018,677175.1,0.282314937592375,61632,25.085050934467,0.0129258073,NA,2677.24983283563,-1.31636168896895,83727060996.4296,0.360190957784653,13288421,345,29,0.171295005268513
"21","Angola",2019,671624.4,0.293278484389941,58986,25.9513820486083,0.0082861428,NA,2569.70165067457,-0.702272957616017,83139068488.845,NA,14830154,469,32.12939197,0.165762140508187
"22","Angola",2020,666073.8,0.252570029288333,7557,26.8135766423358,0.0082176448,NA,2346.84601909898,-5.63821471714934,78451509293.6061,0.362405389547348,14645050,660,32.55014678,0.160581606956414
"23","Argentina",2010,302140,0.302541621976453,-4970,14.904301546759,0.1118343541,NA,13551.3391940229,10.1253981561002,552738161802.463,0.588557064533234,57082298,1028,45,0.931712217671016
"24","Argentina",2011,299906,0.301475125372644,-1011,15.0771515955406,0.105784209,NA,14200.2698890608,6.00395169280579,585924294024.785,NA,60722729,1404,51,0.936139242669133
"25","Argentina",2012,297672,0.306866969245738,3127,15.2495426957383,0.1060151229,NA,13895.6337072986,-1.0264204544321,579910247223.428,NA,64327647,2643,55.8,0.949431929263345
"26","Argentina",2013,295438,0.308584546831977,5369,15.421160233713,0.1515718959,NA,14071.5086831557,2.40532378079436,593858966307.156,NA,67361515,3117,59.9,0.933378211728639
"27","Argentina",2014,293204,0.310224638675334,5801,15.5916453818299,0.2300608979,NA,13567.9484159809,-2.51261532081394,578937574935.696,NA,61234216,3837,64.7,0.919056937625236
"28","Argentina",2015,290970,0.311980198296642,5522,15.7606327351655,0.1170903558,NA,13789.060424772,2.73115982828944,594749285413.212,NA,61842011,5317,68.04306411,0.935248349217376
"29","Argentina",2016,290100,0.314502189116929,5215,15.9281350828921,0.0891312279,NA,13360.2118345982,-2.08032784377811,582376550428.09,NA,63719805,32040,70.96898082,0.921361801763179
"30","Argentina",2017,288990,0.299382162815979,4926,16.0941907925267,0.1145843032,NA,13595.0373551081,2.81850297775918,598790850843.677,0.611,61897379,71731,74.29490687,0.916927535459285
"31","Argentina",2018,287910,0.303359806261571,4690,16.2585100979651,0.0599615577,NA,13105.397163317,-2.61739646282038,583118120294.002,0.61736673116684,58598041,83320,77.7,0.903679283791063
"32","Argentina",2019,286810,0.294272085143803,4478,16.4208266190179,0.0724558628,NA,12716.2242038544,-2.00086100285785,571450737224.442,NA,56352947,135647,79.94695203,0.908098115940662
"33","Argentina",2020,285730,0.300285420522076,2344,16.580892611147,0.0719578999,NA,11341.2683655863,-9.94323513446069,514630046744.607,0.602144718170166,54763900,167248,85.51438646,0.925776915819227
"34","Armenia",2010,3305.6,0.509378697190478,-31991,103.487636108184,0.7528515614,NA,2889.56623073412,2.2000000002151,8513508758.64832,NA,3865354,30,25,0.152225186021893
"35","Armenia",2011,3303.52,0.553881238994345,-29214,102.879381805409,0.7296097367,NA,3043.26278883538,4.69999999867412,8913643670.19191,NA,3211215,54,32,0.153364179153397
"36","Armenia",2012,3301.44,0.598246482292516,-28731,102.368141903758,1.2633806163,NA,3278.67045101985,7.20000000096486,9555426014.53173,NA,3322837,87,37.5,0.153855602879611
"37","Armenia",2013,3299.36,0.557353511388633,-28257,101.910256410256,0.1566276409,NA,3402.08385754089,3.3,9870755073.01128,NA,3346275,158,41.9,0.154477947600887
"38","Armenia",2014,3297.28,0.53578576304057,-27763,101.507903055848,0.2576815456,NA,3538.52939541716,3.60000000058993,10226102255.6979,NA,3459137,182,54.62280586,0.154848041302038
"39","Armenia",2015,3295.2,0.506323235273875,-27283,101.109764664559,0.146629384,NA,3666.14182536082,3.19999999896625,10553337527.7745,NA,3464490,224,59.10083377,0.15517987073555
"40","Armenia",2016,3293.1,0.479145750152313,-26804,100.661573586231,0.1791763356,NA,3689.83008540677,0.199999999825991,10574444202.8117,NA,3434567,557,64.34602977,0.155766120519848
"41","Armenia",2017,3291,0.472512601478385,-26326,100.17291886196,0.1929971314,NA,3985.91670188717,7.50000000164144,11367527518.1962,0.572,3488524,799,64.74488433,0.156385708870822
"42","Armenia",2018,3288.9,0.477663053823402,-25835,99.6331928345627,0.3175682713,NA,4215.89939814463,5.19999999965324,11958638949.103,0.58172595500946,3579257,989,68.24505226,0.157091854667472
"43","Armenia",2019,3286.8,0.481492299386282,-25363,99.0727783631893,0.2828308674,NA,4561.96780299386,7.59999999853918,12867495509.0601,NA,3618747,1416,66.54394969,0.157696832094709
"44","Armenia",2020,3284.7,0.564992861141254,-12825,98.5461187214612,0.4278976616,NA,4256.13123162961,-7.19999999920631,11941035832.5099,0.578998804092407,3488797,1741,76.50770055,0.158254467480846
"45","Aruba",2010,4.2,NA,498,557.45,0.4044306018,NA,26200.7273001561,-2.73259596616786,2629007178.02497,NA,131800,9,62,0.0199320317716586
"46","Aruba",2011,4.2,NA,315,562.711111111111,0.4195834698,NA,26829.634480299,3.36677814938685,2717520017.24052,NA,NA,13,69,0.0197456756970224
"47","Aruba",2012,4.2,NA,229,567.288888888889,0.7137911937,NA,26337.5850592423,-1.03537532355479,2689383485.56935,NA,135000,26,74,0.0195863365716076
"48","Aruba",2013,4.2,NA,134,571.555555555556,0.4125332385,NA,27821.7915999069,6.42981691368789,2862305919.79842,NA,138800,44,78.9,0.0194401244167963
"49","Aruba",2014,4.2,NA,88,575.522222222222,0.9336203664,NA,27624.3773003771,-0.0204792135982075,2861719742.05527,NA,139700,59,83.78,0.0193061374210862
"50","Aruba",2015,4.2,NA,177,579.205555555556,0.5428718449,NA,28421.3864931862,3.54362965997541,2963128491.62011,NA,141000,79,88.66122693,0.0191833641865774
"51","Aruba",2016,4.2,NA,170,582.633333333333,1.034994044,NA,28852.2370667381,2.11671612265083,3025849510.13709,NA,NA,123,93.54245387,0.0190705036520014
"52","Aruba",2017,4.2,NA,218,585.772222222222,1.1869192756,NA,30270.9416008153,5.48237117396357,3191737811.44837,NA,NA,103,97.17,0.0189683134324112
"53","Aruba",2018,4.2,NA,367,588.677777777778,1.3347445056,NA,31705.2788242026,5.257854912764,3359554754.77015,NA,NA,122,NA,0.0188746909269361
"54","Aruba",2019,4.2,NA,412,591.344444444444,1.3790011078,NA,31762.7339603086,0.635029787882658,3380888928.20317,NA,141000,149,NA,0.0187895755434885
"55","Aruba",2020,4.2,NA,0,592.138888888889,1.0050777551,NA,25823.6349408072,-18.5890992393899,2752412130.16594,NA,141000,169,NA,0.0187643664680771
"56","Australia",2010,1295461,0.335290015390526,166833,2.86785858401781,0.9618115288,NA,53606.5814449061,2.20656631017093,1181046800748.81,0.754843771457672,22500000,30906,76,1.1615849853053
"57","Australia",2011,1302557.8,0.326172085957899,197748,2.90798641031983,0.8459264615,NA,54131.1047090858,2.3913851323057,1209290178347.49,NA,23789000,48509,79.48769771,1.41874959489748
"58","Australia",2012,1309654.6,0.314920265708956,235719,2.95920036968095,0.8759566311,NA,55269.9192801293,3.902007806318,1256476775507.65,NA,24338000,72472,79,1.39166642656542
"59","Australia",2013,1316751.4,0.301368579820609,214564,3.01057352615753,0.9161893599,NA,55727.7341473215,2.57875428825342,1288878224236.96,NA,24940000,81067,83.45349717,1.34990599542228
"60","Australia",2014,1323848.2,0.286863217815267,198120,3.05581479504836,1.0803352298,NA,56318.6359789436,2.57901711177597,1322118614189.98,NA,25060000,92461,84,1.36142134462013
"61","Australia",2015,1330945,0.285641949335713,209466,3.10011259648803,1.4037238273,NA,56708.96119674,2.1527359059391,1350580336316.75,NA,25770000,108937,84.56051491,1.30545459049685
"62","Australia",2016,1340372,0.284551629524906,242184,3.14493553058884,1.3073272223,NA,57354.5498137682,2.73054799209893,1387458580571.73,NA,26551000,237318,86.54,1.24249165192525
"63","Australia",2017,1340174,0.279855529544732,244875,3.19736584148247,1.1038625529,NA,57701.5238528086,2.28218364248465,1419122933343.79,0.803,26660000,530042,86.54504885,1.25037600325475
"64","Australia",2018,1340051,0.271267050367391,220307,3.24578498235834,1.0028580827,NA,58479.5035467805,2.88304512347683,1460036887869.7,0.780833959579468,27640000,822020,90,1.24061532822014
"65","Australia",2019,1340051,0.264924906798342,235860,3.29435141874306,1.1018690934,NA,58868.4806341229,2.1713962244835,1491740073728.97,NA,27968000,931399,93.60991916,1.20650111244114
"66","Australia",2020,1340051,0.254192911122789,117929,3.33531231068042,1.0387940943,NA,58115.9306675109,-0.0508853360838941,1490980996778.96,0.770239531993866,27013000,1022449,96.39446689,1.19445156123558
"67","Bahamas, The",2010,5098.6,0.175733465025939,1899,37.2899100899101,0.1587052543,NA,30175.4447568869,1.53838597180584,11263648615.2927,NA,428377,130,43,0.0187530808632847
"68","Bahamas, The",2011,5098.6,0.192627764805643,1384,37.7572427572428,1.6892904555,NA,29984.754733591,0.613384158435409,11332738051.5607,NA,298790,149,65,0.0211668210080698
"69","Bahamas, The",2012,5098.6,0.204946413618107,1048,38.1679320679321,0.2320896723,NA,30577.7506278973,3.08687917688317,11682565982.6451,NA,3e+05,193,71.74820281,0.0209390647043273
"70","Bahamas, The",2013,5098.6,0.247214066088178,1001,38.5264735264735,0.260307571,NA,29425.8000214671,-2.86329394469695,11348059778.2788,NA,287000,228,72,0.0207441981070919
"71","Bahamas, The",2014,5098.6,0.217941421285022,1001,38.8742257742258,0.6173122436,NA,29701.2903627666,1.84730293962856,11557692820.1537,NA,314842,274,76.92,0.0205586293561808
"72","Bahamas, The",2015,5098.6,0.189104678357563,1001,39.2304695304695,1.3985143345,NA,29724.9533355233,0.996800846319317,11672900000,NA,311175,375,78,0.0203719407074666
"73","Bahamas, The",2016,5098.6,0.174940969952877,1001,39.558041958042,1.3072589055,NA,29459.05220928,-0.0670128449498577,11665077657.6218,NA,360200,398,80,0.0202032446410894
"74","Bahamas, The",2017,5098.6,0.181654946731237,1001,39.8621378621379,4.3515841111,NA,29940.4184659759,2.41531284181184,11946825776.2937,NA,353540,576,80.6,0.0200491203448449
"75","Bahamas, The",2018,5098.6,0.230453441022167,1001,40.1504495504496,0.6423900169,NA,30181.1840587486,1.53323725859617,12129998960.3154,NA,388707,909,83,0.0199051519509537
"76","Bahamas, The",2019,5098.6,0.217836668825467,1001,40.4152847152847,0.6491375573,NA,29760.3414026944,-0.7439779983562,12039754436.8498,NA,425507,618,90.69327663,0.0197747165417976
"77","Bahamas, The",2020,5098.6,0.266683237022008,0,40.6064935064935,0.7108259431,NA,22657.0351560435,-23.5081763069431,9209427736.91217,NA,466000,496,92.4760204,0.0196816009014173
"78","Bermuda",2010,10,NA,-216,1206,NA,NA,115839.79601113,-2.50287828947368,7543950875.42882,NA,88200,232,84.21,0.00460659664639764
"79","Bermuda",2011,10,NA,-208,1195.62962962963,NA,NA,112471.34754245,-3.74274431740703,7261600082.73073,NA,NA,357,88.336,0.0046465522582244
"80","Bermuda",2012,10,NA,-243,1199.96296296296,6.6282579451,NA,106119.795030798,-5.30529910675297,6876350478.40565,NA,91000,433,91.29930452,0.00462977252384333
"81","Bermuda",2013,10,NA,-254,1203.72222222222,9.5975725869,NA,105492.480708055,-0.279708545423034,6857116738.50431,NA,94300,474,95.3,0.00461531361055984
"82","Bermuda",2014,10,NA,-233,1206.25925925926,12.5872404573,NA,101374.469787793,-3.70106759364258,6603330213.03728,NA,59491,506,96.8,0.00460560655838374
"83","Bermuda",2015,10,NA,-315,1208.09259259259,5.1952407848,NA,102005.62564189,0.775529699568978,6654541000,NA,38000,528,98.32360965,0.00459861734905039
"84","Bermuda",2016,10,NA,0,1195.44444444444,1.9543392764,NA,102407.394383438,-0.657206304259205,6610806937.02849,NA,63891,525,98,0.00464727205130588
"85","Bermuda",2017,10,NA,227,1182.83333333333,3.9500381744,NA,107237.031768386,3.61141983706115,6849550930.14215,NA,64997,503,98.37,0.00469682025268893
"86","Bermuda",2018,10,NA,306,1183.66666666667,5.356294908,NA,106697.737486296,-0.432801300339307,6819905984.64909,NA,NA,521,NA,0.0046935135642542
"87","Bermuda",2019,10,NA,290,1183.53703703704,3.8620105907,NA,107036.239271085,0.306266735233933,6840793088.0543,NA,67000,492,NA,0.00469402763217599
"88","Bermuda",2020,10,NA,291,1183.2037037037,1.855947863,NA,99745.2416064214,-6.83795519136594,6373022721.95909,NA,68000,484,NA,0.00469535003834536
"89","British Virgin Islands",2010,36.4,NA,0,183.706666666667,NA,NA,NA,NA,NA,NA,47524,17,37,0.0362897372623022
"90","British Virgin Islands",2011,36.36,NA,562,186.413333333333,NA,NA,NA,NA,NA,NA,46597,22,37.4,0.0357628209713182
"91","British Virgin Islands",2012,36.32,NA,122,189.473333333333,NA,NA,NA,NA,NA,NA,48703,76,37.6,0.0351852503430562
"92","British Virgin Islands",2013,36.28,NA,164,191.046666666667,NA,NA,NA,NA,NA,NA,53406,260,NA,0.0348954880133999
"93","British Virgin Islands",2014,36.24,NA,260,193.14,NA,NA,NA,NA,NA,NA,54764,442,NA,0.0345172758965862
"94","British Virgin Islands",2015,36.2,NA,302,195.773333333333,NA,NA,NA,NA,NA,NA,57195,1111,NA,0.0340529864469114
"95","British Virgin Islands",2016,36.2,NA,275,198.26,NA,NA,NA,NA,NA,NA,39689,634,77.70142968,0.0336258784760752
"96","British Virgin Islands",2017,36.2,NA,281,200.4,NA,NA,NA,NA,NA,NA,44043,10516,77.70426829,0.0332667997338656
"97","British Virgin Islands",2018,36.2,NA,221,202.233333333333,NA,NA,NA,NA,NA,NA,39954,9856,NA,0.0329652216911159
"98","British Virgin Islands",2019,36.2,NA,253,204.066666666667,NA,NA,NA,NA,NA,NA,39534,4118,NA,0.0326690623979092
"99","British Virgin Islands",2020,36.2,NA,272,206.066666666667,NA,NA,NA,NA,NA,NA,35163,22408,NA,0.0323519896473633
"100","Brunei Darussalam",2010,3800,0.551824980371998,468,75.1523719165085,0.4099526709,NA,32810.5073531232,2.59896574643226,12994699868.7265,NA,435104,16,53,0.0100996583790553
"101","Brunei Darussalam",2011,3800,0.543912645913255,-291,76.1870967741935,0.3473716965,NA,33577.064222465,3.74531835205994,13481392747.705,NA,443161,23,56,0.00996249122055461
"102","Brunei Darussalam",2012,3800,0.536552120994791,-342,77.1601518026565,0.2812775745,NA,33456.2690737431,0.912841670964411,13604456518.5324,NA,469740,49,60.27306504,0.00983685574742889
"103","Brunei Darussalam",2013,3800,0.541395408785597,-395,78.1218216318786,0.1328247053,NA,32341.8926634093,-2.12602851740175,13315221893.3109,NA,468814,61,64.5,0.00971576528654221
"104","Brunei Darussalam",2014,3800,0.545426007049555,-444,79.0618595825427,0.1839234977,NA,31155.7476268724,-2.50835256644561,12981229183.2221,NA,452054,99,68.77,0.00960024576629162
"105","Brunei Darussalam",2015,3800,0.494783840167071,-485,79.9690702087287,0.1885665422,NA,30681.4374376753,-0.392383749502031,12930292949.4216,NA,463384,238,71.2,0.00949133559701687
"106","Brunei Darussalam",2016,3800,0.552621750577982,-539,80.8337760910816,0.8036081605,NA,29601.0998497528,-2.47791771833224,12609890929.3956,NA,523453,257,90,0.00938980361225745
"107","Brunei Darussalam",2017,3800,0.570553087178315,-587,81.6462998102467,0.1809943608,NA,29695.8841814084,1.32860255161715,12777426262.0397,NA,544732,688,94.86669164,0.00929635861632998
"108","Brunei Darussalam",2018,3800,0.589795094290253,-638,82.4049335863378,0.1694169924,NA,29437.8685052227,0.0522377907767719,12784100907.2371,NA,565949,853,95,0.0092107747643193
"109","Brunei Darussalam",2019,3800,0.531511600466039,-587,83.1210626185958,0.0694038263,NA,30313.4172889713,3.86910986506845,13278731816.5993,NA,574799,4645,95,0.00913141938782964
"110","Brunei Darussalam",2020,3800,0.71396360402375,-395,83.8187855787476,0.0403432544,NA,30401.8472615929,1.1335733495246,13429255981.6271,0.626391351222992,536589,6890,96.06912594,0.00905540777633143
"111","Cabo Verde",2010,427.2,0.332010189375531,-1914,129.33300248139,0.5448513401,NA,3124.57210451389,1.83641914989978,1628564475.73789,NA,371871,12,30,0.0959302548675011
"112","Cabo Verde",2011,430.2,0.334892968265338,-1744,130.898511166253,0.1835591344,NA,3208.36714051926,3.92471821338283,1692481042.33386,NA,396429,14,32,0.0947829565078926
"113","Cabo Verde",2012,433.2,0.307220813581167,-1625,132.472456575682,0.1678577988,NA,3204.60189765009,1.08364848376166,1710821587.48707,NA,425310,31,34.74,0.0936568114725848
"114","Cabo Verde",2013,436.2,0.291583068059222,-1585,133.980148883375,NA,NA,3188.56969122792,0.632136727385131,1721636319.0816,NA,499458,32,37.5,0.0926028818016817
"115","Cabo Verde",2014,439.2,0.286335543789839,-1534,135.502729528536,NA,NA,3174.70533117017,0.696666840118581,1733630388.42408,NA,613378,39,40.26,0.0915623466330694
"116","Cabo Verde",2015,442.2,0.285680384440786,-1474,137.013895781638,NA,NA,3169.0789154116,0.936026507808833,1749857628.40716,NA,611468,39,42.68301416,0.0905524787835542
"117","Cabo Verde",2016,445.2,0.297517918537544,-1408,138.559305210918,NA,NA,3267.87903048957,4.28071482662371,1824764043.35119,NA,601956,60,50.32281787,0.0895425094109177
"118","Cabo Verde",2017,448.2,0.306476289077123,-1354,140.187096774194,NA,NA,3376.93829853266,4.5513148102974,1907814799.50922,NA,612259,140,57.16214635,0.0885027807573714
"119","Cabo Verde",2018,451.2,0.300575654927362,-1323,141.73746898263,1.59425e-05,NA,3463.81283405577,3.70696458310842,1978536818.43833,NA,610328,271,59.5,0.0875347075115283
"120","Cabo Verde",2019,454.2,0.289817029858659,-1296,143.183622828784,NA,NA,3690.65647565113,7.63608168918957,2129619506.14497,NA,595681,302,61.94339776,0.086650607420758
"121","Cabo Verde",2020,457.2,0.361119891832947,-1274,144.575682382134,0.0717563213,NA,2949.57920424868,-19.3028227528612,1718542827.56345,NA,544729,99,63.16119125,0.0858162844981464
"122","Cayman Islands",2010,127.2,NA,895,225.308333333333,NA,NA,79519.843769806,-2.71563682344265,4299956032.00849,NA,100568,95,66,0.00369863520360987
"123","Cayman Islands",2011,127.2,NA,880,231.216666666667,NA,NA,78393.736284355,1.16906269526342,4350225213.89143,NA,96777,170,69.46594499,0.00360412311684567
"124","Cayman Islands",2012,127.2,NA,897,236.916666666667,NA,NA,77448.5098255613,1.22975368307725,4403722268.68141,NA,98834,232,69.7,0.00351741118536757
"125","Cayman Islands",2013,127.2,NA,967,242.55,NA,NA,76617.5433740014,1.2793305928175,4460060434.88737,NA,98036,225,71.4,0.00343571772143201
"126","Cayman Islands",2014,127.2,NA,980,248.1625,NA,NA,76872.5809178913,2.65452932151371,4578454046.88869,NA,91059,264,74.1,0.00335801474168472
"127","Cayman Islands",2015,127.2,NA,1079,253.795833333333,NA,NA,77295.8456647776,2.83312242670048,4708167255.28727,NA,93244,307,77,0.00328347917453334
"128","Cayman Islands",2016,127.2,NA,1077,259.395833333333,NA,NA,78077.4336532717,3.23997361448569,4860710632.08443,NA,95656,327,79,0.0032125933659947
"129","Cayman Islands",2017,127.2,NA,1106,264.920833333333,NA,NA,78883.2820823737,3.18404730726789,5015477958.0794,NA,96656,384,81.06769325,0.00314559380947138
"130","Cayman Islands",2018,128.1,NA,1054,270.35,NA,NA,80597.7086377604,4.26726567162505,5229501727.25244,NA,NA,740,NA,0.00308242401824795
"131","Cayman Islands",2019,127.2,NA,973,275.558333333333,NA,NA,82170.5930267913,3.91563637725301,5434269999.23381,NA,99000,1101,NA,0.00302416306287235
"132","Cayman Islands",2020,127.2,NA,766,280.4625,45.3543373884,NA,76609.76852621,-5.10813540742788,5156680129.26772,NA,1e+05,2002,NA,0.00297128255411448
"133","Channel Islands",2010,10.2,NA,737,792.590909090909,NA,NA,NA,NA,NA,NA,NA,NA,NA,0.0274639495835803
"134","Channel Islands",2011,10.2,NA,101,797.065656565657,NA,NA,NA,NA,NA,NA,NA,NA,NA,0.0279434035192214
"135","Channel Islands",2012,10.2,NA,621,801.116161616162,NA,NA,NA,NA,NA,NA,NA,NA,NA,0.0274869027430164
"136","Channel Islands",2013,10.2,NA,993,807.040404040404,NA,NA,NA,NA,NA,NA,NA,NA,NA,0.0263464210170595
"137","Channel Islands",2014,10.2,NA,543,812.686868686869,NA,NA,NA,NA,NA,NA,NA,NA,NA,0.0259147857213881
"138","Channel Islands",2015,10.2,NA,1396,819.141414141414,NA,NA,NA,NA,NA,NA,NA,NA,NA,0.0244158086195203
"139","Channel Islands",2016,10.2,NA,1180,826.873737373737,NA,NA,NA,NA,NA,NA,NA,NA,NA,0.0243707282511101
"140","Channel Islands",2017,10.2,NA,1429,834.419191919192,NA,NA,NA,1.96610998960054,NA,NA,NA,NA,NA,0.023121387283237
"141","Channel Islands",2018,10.2,NA,2353,844.742424242424,NA,NA,NA,1.05229056178156,NA,NA,NA,NA,NA,0.0217028680071028
"142","Channel Islands",2019,10.2,NA,1566,855.606060606061,NA,NA,NA,1.32511666013609,NA,NA,NA,NA,NA,0.0214273065344431
"143","Channel Islands",2020,10.2,NA,1362,864.207070707071,NA,NA,NA,-7.96507880705455,NA,NA,NA,NA,NA,0.0212140515331974
"144","Congo, Dem. Rep.",2010,1371690,0.101706984617439,8823,29.2853077788315,NA,NA,393.027450774672,7.10797657581392,26093586492.4361,NA,11820348,4,0.72,0.137277111653421
"145","Congo, Dem. Rep.",2011,1360676.24,0.108181338077163,40890,30.2835266094705,NA,NA,406.201028623476,6.8746708900163,27887434687.1928,NA,15644877,5,1.2,0.149968824225628
"146","Congo, Dem. Rep.",2012,1349662.48,0.0946731842962603,-25257,31.3172933989105,NA,NA,420.629365392322,7.08689894671942,29863789002.3066,NA,20092678,12,1.679961015,0.161638651976461
"147","Congo, Dem. Rep.",2013,1338648.72,0.122218775728843,121103,32.4033528153327,NA,NA,441.012978139155,8.48195663608755,32396822635.3749,NA,28231900,11,2.2,0.160427397645312
"148","Congo, Dem. Rep.",2014,1327634.96,0.144822083623529,36966,33.5394402417238,NA,NA,466.424946608746,9.47028809714084,35464895073.2646,NA,37102958,26,3,0.161950480346124
"149","Congo, Dem. Rep.",2015,1316621.2,0.0852213991694902,47831,34.6957076376789,0.0094314344,NA,482.064568490893,6.91616712035345,37917706485.5896,NA,37752782,39,3.799999507,0.158409489394599
"150","Congo, Dem. Rep.",2016,1305607.4,0.0623563139605136,173022,35.9193564323681,0.0388699091,NA,476.814904520554,2.39939891413687,38827503523.2705,NA,28889317,50,6.20997406,0.1554936520042
"151","Congo, Dem. Rep.",2017,1294593.7,0.0706400836321358,4350,37.177509538828,0.0112915657,NA,477.847891059934,3.72694765333267,40274584254.6786,0.369,35375246,208,8.619904916,0.15710116051141
"152","Congo, Dem. Rep.",2018,1283579.9,0.066024517364005,-124242,38.4143953596083,0.0069303753,NA,489.382374474711,5.82112109989339,42619016576.6221,0.364528745412826,36470600,237,11.7,0.15494786814917
"153","Congo, Dem. Rep.",2019,1272566.1,0.0681357487148781,-144916,39.658097527624,0.0195755226,NA,494.819247637626,4.38452888103882,44487659667.2388,NA,37123208,263,16.48118911,0.152157415299317
"154","Congo, Dem. Rep.",2020,1261552.4,0.0668497454117393,-1643,40.9577045058556,0.007531355,NA,487.433133028157,1.7354227636007,45259708640.0973,0.366369277238846,40798396,345,22.86494849,0.147329389874103
"155","Congo, Rep.",2010,220750,0.523797145239982,12316,12.9952679355783,0.0079221579,NA,2333.07424519594,9.93126543095578,10353912863.5672,0.409271746873856,3718748,0,5,0.11491963287008
"156","Congo, Rep.",2011,220630,0.508770681241669,5262,13.4237657393851,0.0036081143,NA,2308.42347573478,2.20591936286718,10582311832.239,NA,3884757,1,5.6,0.115614098463074
"157","Congo, Rep.",2012,220510,0.452150609192155,-26640,13.8016310395315,0.0657776069,NA,2468.55849282496,9.94715314257564,11634950596.2167,NA,4283134,8,6.106695024,0.112448780111078
"158","Congo, Rep.",2013,220390,0.459797678333672,-24608,14.1378213762811,0.0114178261,NA,2392.68874943102,-0.712434451876447,11552059199.7104,NA,4659762,9,6.6,0.113917249681342
"159","Congo, Rep.",2014,220270,0.419785117286941,-21600,14.4798272327965,0.0073936304,NA,2493.08807115188,6.71667933378647,12327973972.6042,NA,4930100,15,7.11,0.111226584528867
"160","Congo, Rep.",2015,220150,0.475599389043563,-18219,14.8298272327965,0.0097610557,NA,2347.81850686004,-3.55058176545468,11890259176.6829,NA,5216000,18,7.615974662,0.108601516551069
"161","Congo, Rep.",2016,220030,0.518245286522192,-14788,15.1883572474378,0.0291255121,NA,2045.20226613989,-10.7832382689225,10608104198.8687,NA,5424000,23,8.121949323,0.106037914531127
"162","Congo, Rep.",2017,219910,0.533036872039238,-11604,15.5559004392387,0.0244798694,NA,1909.36588199144,-4.38253094629233,10143200749.5384,0.42,5056000,24,8.65,0.103532529920901
"163","Congo, Rep.",2018,219760,0.64385241120689,-8858,15.932831625183,0.0079355327,NA,1774.61390705218,-4.80535155756866,9655784294.33313,0.417835533618927,5e+06,32,NA,0.101083207653212
"164","Congo, Rep.",2019,219610,0.726216783325839,-6271,16.312541727672,0.0146501336,NA,1731.79988587811,-0.0868859578877448,9647394773.65742,NA,5114836,33,NA,0.0987302748130273
"165","Congo, Rep.",2020,219460,0.790882679829565,-4465,16.6974348462665,0.0237717559,NA,1586.31830203189,-6.23931963197583,9045462977.5704,0.41926571726799,5617953,46,NA,0.0964544400083196
"166","Curacao",2010,NA,NA,1499,NA,NA,NA,20706.4375396185,0.0823066088131412,3079109381.45389,NA,204024,0,NA,NA
"167","Curacao",2011,0.7,NA,1513,339.709459459459,NA,NA,20539.3602117915,0.612607618438091,3097972240.10472,NA,206294,0,NA,NA
"168","Curacao",2012,0.7,NA,1470,342.540540540541,NA,NA,20356.1819444814,-0.0658895682151552,3095930999.57229,NA,204702,2,NA,NA
"169","Curacao",2013,0.7,NA,1281,346.445945945946,NA,NA,19963.3455794817,-0.811686560479842,3070801743.72703,NA,203502,202,NA,NA
"170","Curacao",2014,0.7,NA,1065,351.146396396396,NA,NA,19459.4943648744,-1.20136172480633,3033910306.93321,NA,192569,227,NA,NA
"171","Curacao",2015,0.7,NA,844,355.810810810811,NA,NA,19260.269845345,0.290948721002664,3042737430.1676,NA,190489,399,NA,NA
"172","Curacao",2016,0.7,NA,647,359.603603603604,NA,NA,18890.7587286656,-0.873007583584723,3016174101.65366,NA,186644,465,61.85551074,NA
"173","Curacao",2017,0.7,NA,535,360.754504504504,NA,NA,18504.3056623292,-1.73222567495182,2963927159.46357,NA,187184,507,68.12721625,NA
"174","Curacao",2018,0.7,NA,25591,358.864864864865,NA,NA,18198.6642740608,-2.16688147975407,2899702370.77176,NA,186390,605,NA,NA
"175","Curacao",2019,0.7,NA,-9592,354.596846846847,NA,NA,17796.699906511,-3.37179918105626,2801930229.981,NA,184236,647,NA,NA
"176","Curacao",2020,0.7,NA,997,348.97972972973,NA,NA,14748.8955145068,-18.4384718493945,2285297113.28628,NA,170000,735,NA,NA
"177","Czechia",2010,26573.8,0.660347714996023,34805,135.626181535673,15.0108196298,NA,16505.9537034372,2.43490215904518,172890126530.82,0.726969122886658,12934100,3200,68.82,0.24325284192618
"178","Czechia",2011,26595.82,0.632170835049969,16409,135.90687556649,15.3284150066,NA,16761.8273125123,1.76035962445222,175933614512.933,NA,13167700,4934,70.49,0.240242840951791
"179","Czechia",2012,26617.84,0.614830396231846,10308,136.097177262722,14.5308222093,NA,16606.9925391504,-0.785004299003617,174552528075.614,NA,13521900,8773,73.43000782,0.239639570212881
"180","Czechia",2013,26639.86,0.589837124892498,-1553,136.159958559959,13.1117721351,NA,16593.8642307285,-0.0459036735515213,174472402052.95,NA,13719300,11354,74.1104,0.237867158087598
"181","Czechia",2014,26661.88,0.560257133298913,5009,136.30337995338,13.4191273396,NA,16951.3791150445,2.26210289708078,178419147314.396,NA,13913100,14921,74.23171164,0.236476764138988
"182","Czechia",2015,26683.9,0.538030414081833,5297,136.589288952208,13.536026831,NA,17829.6983223668,5.38838083815307,188033050459.881,NA,12454575.01,21607,75.6688387,0.236107156237226
"183","Czechia",2016,26698.5,0.534210952979261,-300,136.851858567543,12.715038354,NA,18247.0117295456,2.5372845203138,192803983942.274,NA,12485045,126705,76.4811987,0.235748791539013
"184","Czechia",2017,26716.6,0.51067791232681,2809,137.21587877218,13.3346102237,NA,19139.2398841383,5.16872430413071,202769490319.63,0.782,12636359,269310,78.71917285,0.23559531897775
"185","Czechia",2018,26734.7,0.490849814630115,3193,137.675534257221,15.1038942877,NA,19689.5827032979,3.22008806955105,209298846486.102,0.764516711235046,12704262,450120,80.68816754,0.233679851829664
"186","Czechia",2019,26752.8,0.453129022917973,4030,138.226810266108,16.1704711973,NA,20206.4256384905,3.02987866345279,215640347578.637,NA,13101360,599619,80.86694441,0.232805684477041
"187","Czechia",2020,26770.9,0.435950211657512,3621,138.575928842168,17.9556722602,NA,19048.0868543829,-5.50296796125089,203773728339.855,0.752257406711578,12999812,723194,81.33889705,0.232210410719604
"188","Egypt, Arab Rep.",2010,656.4,0.694456148895399,-18831,87.6512260786579,0.1350548096,NA,3305.88324712737,5.14723485755344,288446290408.139,0.478853046894073,70661005,205,21.6,0.0329274561151678
"189","Egypt, Arab Rep.",2011,621.96,0.700994790936478,158511,89.607769350545,0.2268066426,NA,3290.76182775188,1.76457194899827,293536132736.607,NA,83425145,252,25.6,0.0314798015705237
"190","Egypt, Arab Rep.",2012,587.52,0.716500492463578,-2118,91.6574172484806,0.239719457,NA,3288.79435495214,2.22619979863505,300070833532.51,NA,96798801,437,26.4,0.0310060098831684
"191","Egypt, Arab Rep.",2013,553.08,0.697443991343532,163449,93.8047013913306,0.4238768167,NA,3283.74071995183,2.18546605362164,306628779736.183,NA,99704976,563,29.4,0.0290001198356485
"192","Egypt, Arab Rep.",2014,518.64,0.694366497366565,5961,96.0292571198955,2.8380774264,NA,3301.20444348201,2.91591187985745,315569804751.572,NA,95316034,725,33.89460391,0.0276192678399575
"193","Egypt, Arab Rep.",2015,484.2,0.687026601743116,-79150,98.1704746597016,3.6991157872,NA,3370.38244716015,4.37201907790138,329366576819.407,NA,94016152,975,37.81938343,0.0293262964531291
"194","Egypt, Arab Rep.",2016,449.8,0.685008633569467,4132,100.240122557637,2.8212522459,NA,3444.26826192038,4.34664345555427,343682967575.511,NA,97791441,1388,41.24806709,0.0279279700368887
"195","Egypt, Arab Rep.",2017,449.8,0.682972698216619,-23281,102.254644633081,2.9326159657,NA,3517.58789456715,4.18122099994795,358053111989.022,0.486,102958194,3490,44.95020425,0.0286077843126001
"196","Egypt, Arab Rep.",2018,449.8,0.631018115058714,-61050,104.214942990607,2.4045423908,NA,3635.42058228189,5.33110861894473,377141312302.669,0.492512345314026,93784497,3456,46.92433677,0.0293905679218772
"197","Egypt, Arab Rep.",2019,449.8,0.547397506766278,-59715,106.101432517957,2.868735299,NA,3769.03576994499,5.55209307156954,398080548973.052,NA,95340262,3547,57.2828664,0.0304775658462887
"198","Egypt, Arab Rep.",2020,449.8,0.511270306726963,4476,107.956335325732,2.9506062196,NA,3835.78421489789,3.55016483786844,412213064649.087,0.494374662637711,95357427,4503,71.91420096,0.0313124813113805
"199","French Polynesia",2010,1494.6,NA,-2613,81.7597234226448,0.7934375365,NA,18986.237462383,-2.4660641898174,5388066356.97473,NA,215890,17,49,0.00880939292711461
"200","French Polynesia",2011,1494.6,NA,-2521,82.1852492077211,0.524952095,NA,18328.4809698813,-2.96195745427229,5228474123.87318,NA,222827,21,49,0.00876378104569435
"201","French Polynesia",2012,1494.6,NA,-2639,82.5652549697493,0.4111618863,NA,18074.9031857476,-0.927537712532072,5179978054.58428,NA,227601,35,52.87663059,0.00872344583089077
"202","French Polynesia",2013,1494.6,NA,-1988,82.9824258138865,0.5201532364,NA,18055.7572781108,0.398801414346934,5200635880.32882,NA,243395,42,56.8,0.00867959115653816
"203","French Polynesia",2014,1494.6,NA,-1668,83.5128205128205,0.8646813609,NA,18047.5742348471,0.593554452942286,5231504486.17783,NA,255123,49,60.68,0.00862446657674223
"204","French Polynesia",2015,1494.6,NA,-1676,84.0642466148084,0.801460795,NA,18252.5141345944,1.80334081452726,5325846341.7909,NA,268334,58,64.56020975,0.00856789370328356
"205","French Polynesia",2016,1494.6,NA,-1687,84.5695764909248,1.0410521101,NA,18561.147786378,2.30219823670438,5448457882.36119,NA,280111,72,68.44041949,0.00851669783778075
"206","French Polynesia",2017,1494.6,NA,-1046,85.1195620858542,0.9281772639,NA,19232.8320114815,4.29263363103487,5682340217.7922,NA,287839,165,72.70389531,0.00846166864105602
"207","French Polynesia",2018,1494.6,NA,-952,85.7407087294728,0.9120119978,NA,19425.172374236,1.73709471857401,5781047849.60688,NA,302673,206,NA,0.00840036827214505
"208","French Polynesia",2019,1494.6,NA,-861,86.348890809565,0.7555381808,NA,19807.2931430135,2.69042279849461,5936582478.94458,NA,318000,302,NA,0.00834120186709463
"209","French Polynesia",2020,1494.6,NA,-378,86.9835782195333,1.5065151469,NA,18286.3745993614,-6.99999134820864,5521022219.03919,NA,335000,345,NA,0.0082803391626921
"210","Gambia, The",2010,3000,0.321487791459826,-2464,191.430335968379,0.1243701266,NA,697.162566273671,5.90833580968288,1350595610.57783,0.371689707040787,1478347,8,9.2,0.23228503955298
"211","Gambia, The",2011,2942.68,0.360174866871952,-2363,197.451778656126,0.1097038524,NA,620.948221599807,-8.13044422315659,1240786187.77939,NA,1401163,4,10.8703,0.22520132998901
"212","Gambia, The",2012,2885.36,0.346831117453806,-2342,203.657509881423,0.0673826169,NA,633.582719481997,5.24156924630741,1305822855.01047,NA,1526191,6,12.44922872,0.218339128215529
"213","Gambia, The",2013,2828.04,0.320545239216609,-2486,209.967292490119,0.1038735462,NA,632.197150246047,2.872768790327,1343336126.44617,NA,1848854,8,14,0.211777761358465
"214","Gambia, The",2014,2770.72,0.382655108036827,-2797,216.306225296443,0.1395080563,NA,605.033692696172,-1.40738249510954,1324430248.95208,NA,2283691,16,15.56,0.205571536839105
"215","Gambia, The",2015,2713.4,0.425126937633391,-3224,222.641600790514,0.009881905,NA,611.671217782995,4.0580738039996,1378176605.93705,NA,2715672,17,17.6,0.199721898352206
"216","Gambia, The",2016,2656,0.422218566169077,-3477,228.972924901186,0.2167161545,NA,606.316198934646,1.94335965478776,1404959534.06856,NA,2838127,19,19.9,0.194199393580027
"217","Gambia, The",2017,2598.7,0.408972468759717,-3694,235.294664031621,0.0194019773,NA,618.480767369448,4.8226112492757,1472715270.60632,0.397,2966000,106,22.5,0.184782179606599
"218","Gambia, The",2018,2541.4,0.37853061353772,-3936,241.592490118577,0.0591068056,NA,645.938185747866,7.23489033258579,1579264605.34593,0.403292864561081,3181393,56,25.5,0.17996528306085
"219","Gambia, The",2019,2484,0.361782490284732,-4186,247.913339920949,0.0366998655,NA,668.635121138293,6.22205315994859,1677527288.62681,NA,2584714,52,28.80487199,0.175376850973122
"220","Gambia, The",2020,2426.7,0.362321921876232,-1960,254.34733201581,0.1753247311,NA,655.576117781755,0.591487287873974,1687449649.28965,0.421570628881455,2677954,70,31.60419095,0.17094050299243
"221","Gibraltar",2010,0,NA,325,3126.2,NA,NA,NA,NA,NA,NA,30000,161,65,NA
"222","Gibraltar",2011,0,NA,270,3170.1,NA,NA,NA,NA,NA,NA,32500,177,65,NA
"223","Gibraltar",2012,0,NA,298,3216,NA,NA,NA,NA,NA,NA,34750,266,65.017,NA
"224","Gibraltar",2013,0,NA,-101,3241.1,NA,NA,NA,NA,NA,NA,NA,269,NA,NA
"225","Gibraltar",2014,0,NA,-101,3245.2,NA,NA,NA,NA,NA,NA,38000,343,NA,NA
"226","Gibraltar",2015,0,NA,-101,3252,NA,NA,NA,NA,NA,NA,41441,387,NA,NA
"227","Gibraltar",2016,0,NA,-101,3256.5,NA,NA,NA,NA,NA,NA,41136,470,94.44447158,NA
"228","Gibraltar",2017,0,NA,-58,3260.2,NA,NA,NA,NA,NA,NA,41035,620,NA,NA
"229","Gibraltar",2018,0,NA,-58,3264.8,NA,NA,NA,NA,NA,NA,41045,555,NA,NA
"230","Gibraltar",2019,0,NA,-58,3268.5,NA,NA,NA,NA,NA,NA,40537,546,NA,NA
"231","Gibraltar",2020,0,NA,-58,3270.9,NA,NA,NA,NA,NA,NA,35438,757,NA,NA
"232","Guam",2010,240,NA,-1850,305.37962962963,NA,NA,32964.245358241,2.26325193567601,5435968880.80073,NA,NA,26,54.04,0.00606409751068797
"233","Guam",2011,242,NA,-1852,306.757407407407,NA,NA,32841.672288299,0.0776548243059523,5440190172.88444,NA,NA,29,57.7,0.00603686107371611
"234","Guam",2012,244,NA,-1850,308.133333333333,NA,NA,33392.6853766199,2.13385063045585,5556275705.18653,NA,NA,37,61.53415931,0.00600990432232319
"235","Guam",2013,246,NA,-1852,309.359259259259,NA,NA,33822.5930181207,1.69040835707501,5650199454.04914,NA,NA,48,65.4,0.00598608833071941
"236","Guam",2014,248,NA,-1852,310.264814814815,NA,NA,34328.5631990488,1.79305192379529,5751510464.05824,NA,NA,51,69.27,0.00596861701175221
"237","Guam",2015,250,NA,-1852,311.07037037037,NA,NA,34522.3779304433,0.825688073394488,5.799e+09,NA,NA,115,73.13999995,0.00595316053292693
"238","Guam",2016,280,NA,-1852,311.751851851852,NA,NA,34509.6006451551,0.18198362147406,5809553230.20928,NA,NA,106,77.00999989,0.00594014707804165
"239","Guam",2017,280,NA,-1852,312.233333333333,NA,NA,34763.081137295,0.890099909173486,5861264058.23476,NA,NA,120,80.50546556,0.00593098703486234
"240","Guam",2018,280,NA,-1850,312.366666666667,NA,NA,34472.95939787,-0.792221822110193,5814829845.31392,NA,NA,142,NA,0.00592845540023002
"241","Guam",2019,280,NA,-1852,312.266666666667,NA,NA,35378.9557673086,2.59528130671507,5965741037.30664,NA,NA,167,NA,0.00593035392352216
"242","Guam",2020,280,NA,-244,313.390740740741,NA,NA,31236.0797479713,-11.3921811427561,5286113011.82893,NA,NA,176,NA,0.00590908285125066
"243","Hong Kong SAR, China",2010,NA,NA,10584,6689.71428571429,44.1645700454,NA,38089.9866099187,6.76769054741861,267551683945.391,0.780907571315765,13793729,3143,72,0.00049827738390137
"244","Hong Kong SAR, China",2011,NA,NA,25348,6734.85714285714,42.4799973258,NA,39656.3128089585,4.81473243766588,280433581659.831,NA,15292924,4521,72.2,0.000494937496464732
"245","Hong Kong SAR, China",2012,NA,NA,36188,6809.61904761905,42.1783663552,NA,39887.8127268218,1.70031994385079,285201849778.048,NA,16387536,7138,72.9,0.000433560369785038
"246","Hong Kong SAR, China",2013,NA,NA,24760,6837.04761904762,41.5442770632,NA,40959.9710512677,3.1015529558385,294047536179.945,NA,16973133,8339,74.2,0.000431821031077185
"247","Hong Kong SAR, China",2014,NA,NA,22372,6885.2380952381,45.5032523712,NA,41796.8405746737,2.76238422541562,302170258934.603,NA,16959455,11232,79.86627043,0.000428798672107338
"248","Hong Kong SAR, China",2015,NA,NA,13061,6944.09523809524,48.6482802135,NA,42432.1619740441,2.38784706747271,309385622601.348,NA,16724440,17002,84.94835296,0.000425164236830195
"249","Hong Kong SAR, China",2016,NA,NA,0,6987.2380952381,49.9922316288,NA,43087.5413932842,2.1754189894252,316116056185.969,NA,17584969,28417,87.47941467,0.000408908758825614
"250","Hong Kong SAR, China",2017,NA,NA,0,7041.14285714286,51.6722402613,NA,44380.8023235854,3.79610314564431,328116147738.732,0.822,18394762,77501,89.41594465,0.000419304225504518
"251","Hong Kong SAR, China",2018,NA,NA,0,7097.71428571429,55.4756268101,NA,45280.4865045373,2.84692053389013,337457353723.715,0.821718037128448,19898785,144576,90.50739533,0.000402544078576604
"252","Hong Kong SAR, China",2019,NA,NA,0,7150.38095238095,56.6450675434,NA,44195.2623401674,-1.67243165327264,331813610123.743,NA,21455736,454544,91.74340039,0.000399579110004129
"253","Hong Kong SAR, China",2020,NA,NA,0,7124.7619047619,57.9528998414,NA,41451.2867158741,-6.54479911001556,310097075921.454,0.812756538391113,21865215,528380,92.41313602,0.000267343937976206
"254","Iran, Islamic Rep.",2010,106919.8,1.33485814626637,127703,46.2768332964955,0.0354756687,NA,5378.71771092804,5.79793830169604,405414688829.422,0.564321935176849,54051764,92,15.9,0.204182206150926
"255","Iran, Islamic Rep.",2011,106919.8,1.32659637377918,-150029,46.8718356295587,0.0113782893,NA,5450.93821269072,2.64571791806256,416140817894.239,NA,56043006,127,19,0.199284882428796
"256","Iran, Islamic Rep.",2012,106919.8,1.39589528769851,19635,47.4744290134826,NA,NA,5180.08602722616,-3.7471713986414,400547308188.034,NA,58157539,179,22.73,0.19447923400064
"257","Iran, Islamic Rep.",2013,106919.8,1.47978585189289,23351,48.1709570470788,0.0286084042,NA,5027.48471724542,-1.52197920494163,394451061451.459,NA,65246219,238,29.95,0.187193482939252
"258","Iran, Islamic Rep.",2014,106919.8,1.46181182901475,653255,49.0935877600138,0.044185004,NA,5178.90070651077,4.98477506709494,414113559614.582,NA,68891151,404,39.35,0.183675498931538
"259","Iran, Islamic Rep.",2015,106919.8,1.4678190565941,628310,50.2166316707188,0.0699371168,NA,4990.93679537694,-1.42488493937491,408212917871.725,NA,74218815,963,45.33497615,0.179567783145793
"260","Iran, Islamic Rep.",2016,107020.8,1.3669970115833,23759,51.1470265723618,0.0108561792,NA,5332.10103177119,8.8150866425182,444197240268.069,NA,80520249,5102,53.22677167,0.176301338131598
"261","Iran, Islamic Rep.",2017,107105.9,1.37238972516521,7709,52.0832517719569,0.0142234957,NA,5401.45593671216,2.75850524578875,456450444442.513,0.591,87046953,18208,64.04397362,0.179089833609522
"262","Iran, Islamic Rep.",2018,107270.3,1.42870243782791,-29981,52.7689134052388,0.0163369706,NA,5211.11164076206,-2.25386360686099,446162673991.867,0.592209100723267,88722442,40458,70.200565,0.181983691616914
"263","Iran, Islamic Rep.",2019,107434.7,1.43966738129214,-34571,53.3523587057011,NA,NA,5017.11721513553,-2.65820666195272,434302748068.669,NA,118061419,85822,72.45090477,0.18044795584207
"264","Iran, Islamic Rep.",2020,107518.7,1.37390290720933,-156669,53.7998107858243,NA,NA,5141.08477645221,3.33028845926594,448766282365.875,0.593404471874237,127624951,203430,75.56986637,0.17939777839648
"265","Isle of Man",2010,34.6,NA,663,147.066666666667,NA,NA,70785.7683594779,3.39999842395957,5933829390.03831,NA,NA,5,NA,0.302762800019087
"266","Isle of Man",2011,34.6,NA,7,147.982456140351,NA,NA,71754.6643885289,1.99999938207415,6052505941.17242,NA,NA,21,NA,0.296028452874926
"267","Isle of Man",2012,34.6,NA,-244,147.961403508772,NA,NA,77006.4937236996,7.30387926577282,6494573667.66938,NA,NA,44,NA,0.254926604851905
"268","Isle of Man",2013,34.6,NA,-276,147.621052631579,NA,NA,80380.8988991388,4.14186832060824,6763570356.96914,NA,NA,68,NA,0.260268111808329
"269","Isle of Man",2014,34.6,NA,-276,147.185964912281,NA,NA,84774.418281387,5.15503233890135,7112234596.13524,NA,NA,89,NA,0.263421378850005
"270","Isle of Man",2015,34.6,NA,-231,146.654385964912,NA,NA,84753.4567280589,-0.385798408302321,7084795708.26863,NA,NA,132,NA,0.277535200315816
"271","Isle of Man",2016,34.6,NA,107,146.40350877193,NA,NA,90801.1041277585,6.95230252889243,7577352139.46145,NA,NA,283,NA,0.281605751947274
"272","Isle of Man",2017,34.6,NA,275,146.631578947368,NA,NA,93232.584173922,2.83776234543893,7792379385.2564,NA,NA,380,NA,0.275185451064848
"273","Isle of Man",2018,34.6,NA,272,146.973684210526,NA,NA,95074.3747476548,2.21339786862427,7964855744.48478,NA,NA,694,NA,0.275738585496867
"274","Isle of Man",2019,34.6,NA,239,147.250877192982,NA,NA,95137.2757017709,0.254884930037974,7985156961.47674,NA,NA,834,NA,0.287133785281117
"275","Isle of Man",2020,34.6,NA,235,147.449122807018,NA,NA,86614.1156181421,-8.83623206955568,7279569961.24237,NA,NA,1105,NA,0.279608785664993
"276","Korea, Dem. People's Rep.",2010,62423.9,NA,-3047,205.019807324973,NA,NA,NA,NA,NA,NA,431919,0,0,0.0972193838437992
"277","Korea, Dem. People's Rep.",2011,62211.6,NA,-2958,205.828328211943,NA,NA,NA,NA,NA,NA,1e+06,0,0,0.0948200454740799
"278","Korea, Dem. People's Rep.",2012,61999.3,NA,-2918,206.691886055975,NA,NA,NA,NA,NA,NA,1700000,0,0,0.094423887716738
"279","Korea, Dem. People's Rep.",2013,61787,NA,-2936,207.639058217756,NA,NA,NA,NA,NA,NA,2420000,0,0,0.0939931610576014
"280","Korea, Dem. People's Rep.",2014,61574.7,NA,-3039,208.671464164106,NA,NA,NA,NA,NA,NA,2800000,NA,NA,0.0929311400947484
"281","Korea, Dem. People's Rep.",2015,61362.4,NA,-3200,209.766755252886,NA,NA,NA,NA,NA,NA,3240000,NA,NA,0.0918520319193729
"282","Korea, Dem. People's Rep.",2016,61150.1,NA,-3218,210.859654513745,NA,NA,NA,NA,NA,NA,3606000,0,NA,0.0909820949994074
"283","Korea, Dem. People's Rep.",2017,60937.8,NA,-3222,211.911975749522,NA,NA,NA,NA,NA,NA,3810000,1,NA,0.0899424333155238
"284","Korea, Dem. People's Rep.",2018,60725.5,NA,-3223,212.923752180051,NA,NA,NA,NA,NA,NA,NA,NA,NA,0.0895150426031146
"285","Korea, Dem. People's Rep.",2019,60513.2,NA,-3139,213.897857320821,NA,NA,NA,NA,NA,NA,4253000,NA,NA,0.0891073851152461
"286","Korea, Dem. People's Rep.",2020,60300.9,NA,-1589,214.828228552446,NA,NA,NA,NA,NA,NA,6e+06,2,NA,0.0887214816974542
"287","Korea, Rep.",2010,63870,0.456085338312533,56092,509.815967078189,21.4015148884,NA,25451.0041554666,6.80482491783671,1261201910432.46,0.82462739944458,50767241,8688,83.7,0.0304111997809586
"288","Korea, Rep.",2011,63770,0.457664127764065,259829,513.804280275749,17.9854902007,NA,26186.8975422978,3.68566778212526,1307685622912.81,NA,52506793,10413,83.75912015,0.0297977609145413
"289","Korea, Rep.",2012,63670,0.448297271695455,275552,515.875583187751,17.1644711694,NA,26675.4401708559,2.40253099246186,1339103175287.26,NA,53624427,13470,84.07,0.0303227979571972
"290","Korea, Rep.",2013,63570,0.434027694984096,288205,517.612269825303,19.1428638104,NA,27394.6503074507,3.16470863647184,1381481889126.85,NA,54680840,17000,84.77,0.0296615672289297
"291","Korea, Rep.",2014,63470,0.412484412523892,296280,520.852499230217,19.7898095281,NA,28094.9177029868,3.2024537945736,1425723208306.54,NA,57290356,20634,87.55682649,0.0290856586243441
"292","Korea, Rep.",2015,63370,0.414680170924465,266322,523.525547744882,21.7198552064,NA,28732.2310762599,2.80910326824133,1465773245547.15,NA,58935081,28452,89.8962558,0.0287072727920309
"293","Korea, Rep.",2016,63250,0.407857331276833,102075,525.370072521002,22.2702290265,NA,29461.7840071118,2.94688171508626,1508967849304.8,NA,61295538,36928,92.84302568,0.0277442591592615
"294","Korea, Rep.",2017,63170,0.402261340011694,112523,526.734806686494,24.7417296479,NA,30307.395236491,3.15963574012777,1556645736778.48,0.845,63658688,61580,95.06942188,0.0271933028348575
"295","Korea, Rep.",2018,63070,0.393398551124351,118642,528.969011484824,27.8426797198,NA,31053.6379289101,2.90740377377135,1601903713673.82,0.834545075893402,66355778,106574,96.02285958,0.0266356199502577
"296","Korea, Rep.",2019,62970,0.373742205157793,110799,530.377274590164,25.7717845873,NA,31640.2146297141,2.24397786011012,1637850078348.95,NA,68892541,234958,96.15757918,0.0263499408922917
"297","Korea, Rep.",2020,62870,0.350308061161008,0,531.109006147541,28.8883369324,NA,31372.4712614515,-0.709415359397681,1626230918329.23,0.798776268959045,70513676,307856,96.50506052,0.0260821391768025
"298","Kosovo",2010,NA,NA,-31889,NA,NA,NA,2843.39130635725,4.93992404687876,5048953074.87244,NA,562000,NA,NA,NA
"299","Kosovo",2011,NA,NA,-3033,NA,NA,NA,2997.23124770627,6.31988622270076,5368041164.64193,NA,NA,NA,NA,NA
"300","Kosovo",2012,NA,NA,-15323,NA,NA,NA,3021.37921428611,1.71219517419465,5459952506.41171,NA,NA,NA,NA,NA
"301","Kosovo",2013,NA,NA,-40468,NA,NA,NA,3163.47273368974,5.34090817463415,5751563556.1578,NA,NA,NA,NA,NA
"302","Kosovo",2014,NA,NA,-56637,NA,NA,NA,3279.0529882044,3.34880431106879,5944172164.48027,NA,NA,NA,NA,NA
"303","Kosovo",2015,NA,NA,-14819,NA,NA,NA,3520.78042080341,5.91627044351361,6295845465.35898,NA,NA,NA,NA,NA
"304","Kosovo",2016,NA,NA,-31383,NA,NA,NA,3739.19634912583,5.57175650727449,6646634644.76307,NA,NA,NA,NA,NA
"305","Kosovo",2017,NA,NA,-33495,NA,NA,NA,3890.21160574522,4.8256904268714,6967380656.52451,0.56,NA,NA,83.89359681,NA
"306","Kosovo",2018,NA,NA,-34137,NA,NA,NA,4009.12233224441,3.40663100837845,7204733606.44144,0.569061994552612,NA,NA,89.44303197,NA
"307","Kosovo",2019,NA,NA,-33469,NA,NA,NA,4219.09743463949,4.7568306194579,7547450580.68302,NA,NA,NA,NA,NA
"308","Kosovo",2020,NA,NA,-15050,NA,NA,NA,3990.98611185295,-5.34027530229791,7144395941.36967,0.567331731319427,NA,NA,NA,NA
"309","Lao PDR",2010,169405,0.29025119012825,-27446,27.3978249566724,0.0760752883,NA,1567.57762793067,8.52690551722873,9912448588.85412,NA,4003395,3,7,0.221399249583058
"310","Lao PDR",2011,169060,0.284146195087382,-27661,27.80037694974,0.0250730513,NA,1669.06641495608,8.03865268080929,10709275903.0759,NA,5480851,6,9,0.222557235627174
"311","Lao PDR",2012,168715,0.28282071982536,-26451,28.2010528596187,0.0165553898,NA,1777.41021331108,8.02609843404085,11568812928.6298,NA,4300000,12,10.74767619,0.224780193839021
"312","Lao PDR",2013,168370,0.332934300091993,-25256,28.5994020797227,0.3254460067,NA,1893.32662705338,8.02630022637751,12497360586.9096,NA,4612612,17,12.5,0.226959332753803
"313","Lao PDR",2014,168025,0.32304345421963,-25666,28.9924350086655,6.908506642,NA,2009.82553356013,7.61196344074379,13448655105.8431,NA,4618586,22,14.26,0.224525192880352
"314","Lao PDR",2015,167680,0.61525478114659,-12995,29.4082279029463,9.6428563438,NA,2125.45905698314,7.27006584339864,14426381187.0894,NA,3727162,28,18.2,0.221984232887346
"315","Lao PDR",2016,167335,1.01701332976836,-11401,29.8585918544194,9.9710990761,NA,2240.41634657505,7.02283625501138,15439522315.3825,NA,3958510,57,21.87,0.219259963522456
"316","Lao PDR",2017,166990,1.15455954945359,-10400,30.3202642980936,7.8224461868,NA,2358.37266397522,6.8925308726989,16503696157.5675,0.452,3711813,114,25.51043508,0.205661198896757
"317","Lao PDR",2018,166645,1.12141310937826,-10303,30.7842547660312,7.6276722878,NA,2467.95576150974,6.24796000755872,17534840493.2613,0.456815421581268,3662336,144,36.3,0.192455854365218
"318","Lao PDR",2019,166300,1.03672182739806,-10303,31.2480632582322,5.950212459,NA,2564.0196538036,5.4577350924848,18491845636.2733,NA,4636926,224,47.03225806,0.179643715873968
"319","Lao PDR",2020,165955,1.03196334641716,-10303,31.7131672443674,4.4828863006,NA,2539.12452453054,0.503031829708618,18584865505.7243,0.456665337085724,4636690,384,54,0.167226844717715
"320","Macao SAR, China",2010,NA,NA,11168,18764.2087542088,7.505203903,NA,71458.0070406025,25.1227596366315,39823332949.7066,0.648325145244598,1122261,113,55.198,NA
"321","Macao SAR, China",2011,NA,NA,9169,19097.0903010033,5.378304766,NA,84818.7403865331,21.6165288779235,48431755216.9316,NA,1353194,145,60.20369672,NA
"322","Macao SAR, China",2012,NA,NA,6156,19490.5016722408,4.3344950167,NA,90787.6182576221,9.24224592840059,52907937141.5214,NA,1613457,215,61.31,NA
"323","Macao SAR, China",2013,NA,NA,6050,19583.300330033,3.5275094068,NA,98752.3052436876,10.7528539903738,58597050371.6679,NA,1722245,240,65.8,NA
"324","Macao SAR, China",2014,NA,NA,6034,19939.504950495,3.1841011283,NA,95001.4809686464,-2.04838061245502,57396759752.3842,NA,1856453,297,69.78,NA
"325","Macao SAR, China",2015,NA,NA,6465,20238.125,6.4217559802,NA,73220.6317344085,-21.5144052695858,45048188247.6458,NA,1896097,453,77.60013186,NA
"326","Macao SAR, China",2016,NA,NA,6962,20547.1475409836,2.8465958765,NA,71394.8306650834,-0.679060845076179,44742283639.8398,NA,1969972,681,81.64298546,NA
"327","Macao SAR, China",2017,NA,NA,7727,20734.0584415584,3.0189613357,NA,77056.6066362825,9.98330550918196,49209042507.3897,0.759,2047000,1108,83.17408907,NA
"328","Macao SAR, China",2018,NA,NA,8219,19786.9604863222,1.5918174303,NA,80477.6772351357,6.46466769417589,52390243580.9782,0.763288140296936,2181194,1674,83.79408961,NA
"329","Macao SAR, China",2019,NA,NA,8578,20171.8237082067,23.6855902547,NA,76959.2440999014,-2.51193784642786,51074233224.6319,NA,2793000,2669,86.46792571,NA
"330","Macao SAR, China",2020,NA,NA,8441,20555.7142857143,19.166441835,NA,34561.9558035563,-54.2359000204747,23373663156.6965,0.795671582221985,2793000,3920,88.33262029,NA
"331","Micronesia, Fed. Sts.",2010,641.3,0.331369336493689,-1799,153.697142857143,NA,NA,2950.79872636978,2.25938995585932,317470533.372672,NA,27518,3,20,0.0185894337658475
"332","Micronesia, Fed. Sts.",2011,641.58,0.364171041370275,-1719,154.124285714286,NA,NA,3036.44849382715,3.18857475473928,327593318.653529,NA,27600,8,22.8,0.0185379146699788
"333","Micronesia, Fed. Sts.",2012,641.86,0.411848108773058,-1633,154.617142857143,NA,NA,2970.26518835138,-1.86681975475544,321477741.865646,NA,31213,12,25.974423,0.0184788232685343
"334","Micronesia, Fed. Sts.",2013,642.14,0.447281919897302,-1561,155.155714285714,NA,NA,2851.03543413615,-3.67976779073483,309648107.466093,NA,31393,11,27.8,0.0184146801830419
"335","Micronesia, Fed. Sts.",2014,642.42,0.466102888103885,-1482,155.748571428571,NA,NA,2774.69471408479,-2.30577574529325,302508316.50838,NA,NA,13,29.65,0.0183445846786029
"336","Micronesia, Fed. Sts.",2015,642.7,0.457834515414236,-1415,156.374285714286,NA,NA,2891.32210264749,4.62188400404939,316489900,NA,22505,15,31.50108128,0.0182711808664194
"337","Micronesia, Fed. Sts.",2016,643,0.460639180402684,-1348,157.035714285714,NA,NA,2905.06145189951,0.900180416516932,319338880.100054,NA,23412,17,33.35216255,0.0181942233340914
"338","Micronesia, Fed. Sts.",2017,643.3,0.447386845470046,-1283,157.757142857143,NA,NA,2969.33933403314,2.68218594445551,327904142.657279,NA,23114,18,35.30405287,0.0181110205560083
"339","Micronesia, Fed. Sts.",2018,643.6,0.449789488747209,-1283,158.47,NA,NA,2962.23858125628,0.211653600126766,328598163.580178,0.466416776180267,NA,21,NA,0.01802955043316
"340","Micronesia, Fed. Sts.",2019,643.9,0.445769879894644,-1283,159.112857142857,NA,NA,2984.93012390233,1.17479922829746,332458532.270118,NA,23000,24,39.85125701,0.0179567063809156
"341","Micronesia, Fed. Sts.",2020,644.2,0.329159631091961,-635,160.151428571429,NA,NA,2913.21837338295,-1.76541515225117,326589258.966469,0.505966544151306,22000,21,40.12946709,0.0178402583269406
"342","Montenegro",2010,8270,0.69738823531023,-2017,46.054126394052,0.2694904403,NA,5982.19647463471,2.73433108233829,3705539997.89003,0.585171520709991,1170000,13,37.5,0.277675532911008
"343","Montenegro",2011,8270,0.662950660462638,0,46.1025278810409,0.2375057305,NA,6168.84548867328,3.22845102061061,3825171541.77104,NA,1159112,17,35.61154125,0.278996708483919
"344","Montenegro",2012,8270,0.626608803804847,-634,46.1413382899628,0.4428361081,NA,5995.77163480183,-2.72379077130623,3720981872.32965,NA,990869,30,56.83878255,0.277150697469066
"345","Montenegro",2013,8270,0.588444636673844,-993,46.1863940520446,0.4119831979,NA,6202.50378943662,3.54897991245058,3853038771.52456,NA,993902,36,60.31,0.0125562010730723
"346","Montenegro",2014,8270,0.565663621107443,-1742,46.2312267657993,0.5901435188,NA,6307.01559868803,1.78369858106701,3921765369.4202,NA,1013296,43,61,0.0140396584165581
"347","Montenegro",2015,8270,0.581814587656386,-1943,46.2571747211896,0.5508753507,NA,6517.18961381857,3.39038139712073,4054728172.94375,NA,1007890,59,68.11978601,0.0139835636870961
"348","Montenegro",2016,8270,0.515222446493785,-2111,46.2678810408922,0.7516924453,NA,6707.84725932128,2.94928032097511,4174313473.01741,NA,1040747,87,69.88164684,0.0144624081837947
"349","Montenegro",2017,8270,0.518622657729521,-1980,46.2730855018587,0.4476693585,NA,7023.43051268611,4.71646527572034,4371193518.47199,0.615,1044674,139,71.27233254,0.0147821322583081
"350","Montenegro",2018,8270,0.544353160385607,-2024,46.2622304832714,0.4951062416,NA,7381.80417286363,5.0778888113381,4593157865.06842,0.622822225093842,1134412,259,71.51710049,0.0147856007534228
"351","Montenegro",2019,8270,0.544188756502482,-1636,46.2474349442379,0.7955168113,NA,7684.18036247051,4.06294499167197,4779775342.5068,NA,1150998,430,73.47666575,0.0144688020474963
"352","Montenegro",2020,8270,0.624286677220044,-1326,46.1937546468401,1.0657757848,NA,6515.53374505326,-15.3068937570407,4048140209.00406,0.633181810379028,1080089,487,77.60879306,0.0146465670700106
"353","Myanmar",2010,314410,0.178047143566416,-116543,75.6069375133944,0.0187904215,NA,924.649757450954,10.0692860939855,45669365074.463,NA,594000,1,0.25,0.218886085048552
"354","Myanmar",2011,311512.88,0.177031367048107,-82753,76.2211605871818,0.0260534087,NA,986.127097743421,7.52005722724248,49103727463.3809,NA,1243619,1,0.98,0.216610172500501
"355","Myanmar",2012,308615.76,0.228807593443588,-61554,76.8861440710403,0.014295838,NA,1041.22589125135,6.4857540044064,52288474433.6499,NA,3729617,5,1.4,0.214085793821501
"356","Myanmar",2013,305718.64,0.240922455719915,-62882,77.5530317878361,0.058887723,NA,1113.92742364195,7.89866947823812,56418568204.377,NA,6832380,9,1.8,0.212682217740864
"357","Myanmar",2014,302821.52,0.279054523911938,-74923,78.202419305445,0.0130467272,NA,1195.25728300762,8.19966375042618,61044701089.9408,NA,29029342,37,7.4,0.211777640682735
"358","Myanmar",2015,299924.4,0.301909865340949,-94128,78.832530470999,0.0407455798,NA,1224.5623682428,3.27727941700189,63045306513.9317,NA,40993717,55,10.9,0.212357445618633
"359","Myanmar",2016,297027.3,0.313776513434845,-87935,79.4943916786666,1.6360968785,NA,1342.58653650353,10.5077807807102,69669969114.9425,NA,50586416,1087,16,0.210975224883345
"360","Myanmar",2017,294130.2,0.441079640020421,-105438,80.1046970509383,0.187358104,NA,1409.03375145116,5.75006450029507,73676037276.3873,0.473,47946665,529,23.62108195,0.211550027949825
"361","Myanmar",2018,291233.1,0.418196469531199,-114634,80.689465297993,0.5470576027,NA,1488.53054947365,6.404977325147,78394970758.0068,0.471832513809204,61143964,494,28.7,0.210388050251914
"362","Myanmar",2019,288336,0.406216057970332,-100810,81.2627730963689,0.5911120664,NA,1577.8027436178,6.7504601462238,83686992015.6698,NA,81945491,663,30.63536537,0.207208824881771
"363","Myanmar",2020,285438.9,0.392325826988032,-66228,81.8533071843351,0.5906378225,NA,1616.20853069741,3.17377440041078,86343028344.737,0.477652013301849,78548329,765,41.95429049,0.205715876462506
"364","North Macedonia",2010,9604.3,0.933953199631399,-1578,81.4831086439334,0.3248089528,NA,4339.9663336969,3.35875085773812,8918648175.61246,0.537773966789246,2153425,41,51.9,0.201459461879393
"365","North Macedonia",2011,9672.24,1.0032611515112,-1690,81.6232751784298,0.3378971465,NA,4433.88946223239,2.33988604520331,9127334379.6944,NA,2213223,46,56.7,0.201113508172544
"366","North Macedonia",2012,9740.18,0.968434231173581,-1758,81.72260111023,0.3113883037,NA,4408.29842132998,-0.456183223607937,9085697011.49163,NA,2235460,94,57.44994731,0.200869074119718
"367","North Macedonia",2013,9808.12,0.840744189373789,-1737,81.8410785091197,0.3497441688,NA,4530.68414622156,2.92525766450484,9351477059.69398,NA,2237250,135,65.24,0.200093796995395
"368","North Macedonia",2014,9876.06,0.768033469582955,-1597,81.9774385408406,0.4141579486,NA,4687.29849775791,3.62912351276373,9690853712.45803,NA,2224439,203,68.06,0.199277281277464
"369","North Macedonia",2015,9944,0.709631460473492,-1378,82.0866772402855,0.6205661381,NA,4861.55615984223,3.85586514041738,10064519962.5655,NA,2083583,239,70.38020308,0.199978166634947
"370","North Macedonia",2016,10016.7,0.672648069998392,-1164,82.1764472640761,0.5317500016,NA,4994.56120070716,2.84820519363306,10351178142.8536,NA,2050494,971,72.15681447,0.200724732085559
"371","North Macedonia",2017,10014.9,0.710703458997808,-1018,82.2562252180809,0.8704229989,NA,5043.6945185295,1.08177273813243,10463154366.0785,0.534,2008008,1037,74.51682418,0.201012098325285
"372","North Macedonia",2018,10014.9,0.645693164517908,-1000,82.3242268041237,0.5806585002,NA,5184.69680504137,2.88059670964267,10764555646.4726,0.535392045974731,1969109,968,79.16775519,0.201327703221773
"373","North Macedonia",2019,10014.9,0.711287256143993,-987,82.3431403647898,0.6848097443,NA,5386.2027499932,3.91041953840173,11185494933.6944,NA,1921013,1438,81.41288276,0.201762994451758
"374","North Macedonia",2020,10014.9,0.647183830352861,-486,82.1780729579699,0.7209265028,NA,5067.21588735157,-6.11088671102702,10501962010.2286,0.55734920501709,1862138,2120,81.40553811,0.200720761233487
"375","Russian Federation",2010,8151356,1.293574531555,253479,8.72263552192818,0.2233757611,NA,8755.1201171875,4.50000000003065,1250664310818.81,0.600548565387726,237689224,2442,49,0.851588750754045
"376","Russian Federation",2011,8150945.72,1.30253517081856,295952,8.72944024102286,0.2372972334,NA,9124.474609375,4.3000291857941,1304443241200.33,NA,203751647,4126,58,0.850924925574759
"377","Russian Federation",2012,8150535.44,1.23495650200696,304059,8.74414469920076,0.3130366023,NA,9475.6904296875,4.02408615720979,1356935161098.14,NA,208065063,8245,66,0.849493980592594
"378","Russian Federation",2013,8150125.16,1.18245422252493,291552,8.76278525750037,0.4178153281,NA,9621.517578125,1.75542214909368,1380755101464.89,NA,218300372,11442,67.97,0.847686901952062
"379","Russian Federation",2014,8149714.88,1.15891594683421,260843,8.7818775504721,0.7967853285,NA,9520.9482421875,0.736267221415574,1390921148685,NA,221030353,17310,70.52,0.845843983215453
"380","Russian Federation",2015,8149304.6,1.16800895797476,384942,8.79880404497318,0.8055526309,NA,9313.021484375,-1.97271922637542,1363482179761.17,NA,227288088,46313,70.09924123,0.844216810538633
"381","Russian Federation",2016,8151210.3,1.15034822939279,373316,8.81379634814223,0.5951001032,NA,9313.9755859375,0.193690071729534,1366123109373.17,NA,229126152,168007,73.09143462,0.842780794335846
"382","Russian Federation",2017,8153116,1.14627968905252,350105,8.8232207375402,0.6252313012,NA,9473.1875,1.82579006355112,1391065649359.98,0.729,227299663,511677,76.00813853,0.841880590813887
"383","Russian Federation",2018,8153116,1.16144402236569,336527,8.82206789209416,0.4708040273,NA,9739.908203125,2.80724541049418,1430116275958.6,0.728950440883636,229431008,749930,80.86472187,0.841990605633213
"384","Russian Federation",2019,8153116,1.16560307058612,333509,8.81769599441163,0.529902998,NA,9958.4697265625,2.19807571380863,1461551314499.67,NA,239795946,1348308,82.64216187,0.842408072597351
"385","Russian Federation",2020,8153116,1.13741128117728,340711,8.79735498907911,0.5081225694,NA,9714.3837890625,-2.65365450092145,1422766792259.17,0.681419610977173,238733217,1923034,84.99466978,0.844355865669034
"386","San Marino",2010,10,NA,641,526.8,NA,NA,52284.5443799266,-5.47368421052632,1652609878.76072,NA,30587,30,NA,0.0316375601113642
"387","San Marino",2011,10,NA,1043,541.583333333333,NA,NA,46628.6847001529,-8.3147735708983,1515199109.33147,NA,35465,37,49.6,0.0307739652254193
"388","San Marino",2012,10,NA,195,552.2,NA,NA,42510.5754753658,-7.04453441295546,1408460386.64982,NA,36000,50,NA,0.0301823010986358
"389","San Marino",2013,10,NA,109,554.75,NA,NA,41983.4294673481,-0.78397212543554,1397418449.82068,NA,36780,69,NA,0.0300435631665916
"390","San Marino",2014,10,NA,119,556.483333333333,NA,NA,41558.6988188161,-0.702370500438988,1387603394.86145,NA,37600,94,NA,0.0299499835275091
"391","San Marino",2015,10,NA,317,559.5,NA,NA,42281.8112547926,2.29150556129265,1419400403.82339,NA,36624,112,NA,0.0591301757521597
"392","San Marino",2016,10,NA,344,563.9,NA,NA,42935.4173339053,2.34440586055426,1452676910.07535,NA,36570,156,NA,0.0586687947035526
"393","San Marino",2017,10,NA,302,567.6,NA,NA,42765.6998141707,0.258265466328027,1456428672.8714,NA,38000,635,60.18230126,0.0582863518910031
"394","San Marino",2018,10,NA,137,569.266666666667,NA,NA,43277.501413246,1.49390531817373,1478186338.27083,NA,38500,2002,NA,0.0581157044150369
"395","San Marino",2019,10,NA,148,569.633333333333,NA,NA,44143.0456407723,2.06568514732739,1508721013.91031,NA,38750,2531,67.85071029,0.0580782959798701
"396","San Marino",2020,10,NA,-138,566.783333333333,NA,NA,41415.6669631563,-6.64791081780605,1408422586.41606,NA,39000,3277,70.48342785,0.0583703355191578
"397","Serbia",2010,27130,1.24088746276267,-20,83.3688085982163,1.6255034681,NA,5206.08676066596,0.73104455254213,37959848425.8431,0.651123821735382,9915348,54,40.9,0.364029801537036
"398","Serbia",2011,27143.06,1.3226562209981,28,82.7132289046421,1.4150446812,NA,5354.20042915943,2.0362766886403,38732815970.3818,NA,10182023,188,42.2,0.364869211770533
"399","Serbia",2012,27156.12,1.19031937155375,3968,82.3127944203064,2.1347517921,NA,5343.57882527263,-0.68154236933475,38468835418.7072,NA,9137894,382,48.1,0.35589284570786
"400","Serbia",2013,27169.18,1.17409354540097,7198,81.9132403384404,1.4972182223,NA,5524.96786533256,2.89263673355808,39581599083.0007,NA,9198717,484,53.45036418,0.361565085623771
"401","Serbia",2014,27182.24,1.00072535931589,8072,81.529567802424,1.3940892299,NA,5462.73477497385,-1.58951031990257,38952445480.7939,NA,9344977,664,62.07508046,0.365426299362071
"402","Serbia",2015,27195.3,1.14510181467334,7368,81.1271781385776,1.2103299295,NA,5588.9794435877,1.80605926509682,39655949731.3816,NA,9155664,1001,65.3170254,0.365167038904031
"403","Serbia",2016,27201.8,1.13799697540262,5901,80.7034301394923,1.283516702,NA,5805.89806200667,3.33858676542988,40979898020.819,NA,9094447,3894,67.05684137,0.368076151810586
"404","Serbia",2017,27218.6,1.13148952894474,4465,80.275074319689,1.1352275875,NA,5959.52130391171,2.10116384741241,41840952822.739,0.755,8621771,40739,70.33083553,0.369612944742651
"405","Serbia",2018,27220,1.05650838196257,3346,79.8376857992225,1.0258033812,NA,6261.52570046486,4.4951212927627,43721754402.1687,0.759485483169556,8431365,48178,73.36070915,0.36991930231186
"406","Serbia",2019,27222.2,1.00908536797078,489,79.4104161902584,1.037796488,NA,6567.90805482597,4.33173490608283,45615664899.1593,NA,8453887,56061,77.41677362,0.371333727368476
"407","Serbia",2020,27226.5,1.02479100874937,243,82.0445475086217,1.5293742986,NA,6552.08439071824,-0.903218501520755,45203655774.1983,0.676606357097626,8260758,64584,78.36804864,0.377439113302178
"408","Sint Maarten (Dutch part)",2010,NA,NA,-62,NA,NA,NA,33579.2962311146,3.19999402154461,1143576512.44684,NA,NA,0,NA,NA
"409","Sint Maarten (Dutch part)",2011,3.7,NA,0,983.382352941176,NA,NA,35776.3142301702,4.60000299641928,1196181066.28574,NA,NA,0,NA,NA
"410","Sint Maarten (Dutch part)",2012,3.7,NA,2953,1018.82352941176,NA,NA,35011.9665781856,1.39054666984961,1212814522.26835,NA,68840,0,NA,NA
"411","Sint Maarten (Dutch part)",2013,3.7,NA,1609,1076.67647058824,NA,NA,33563.6000709384,1.30672788274767,1228662707.79684,NA,NA,12,NA,NA
"412","Sint Maarten (Dutch part)",2014,3.7,NA,901,1108.38235294118,NA,NA,33118.7555918907,1.5803846377317,1248080304.4804,NA,NA,20,NA,NA
"413","Sint Maarten (Dutch part)",2015,3.7,NA,1027,1141.91176470588,NA,NA,32274.8905524359,0.400000000000006,1253072625.69832,NA,NA,24,NA,NA
"414","Sint Maarten (Dutch part)",2016,3.7,NA,969,1175.55882352941,NA,NA,31507.8689258878,0.500001936998331,1259338013.09881,NA,NA,28,NA,NA
"415","Sint Maarten (Dutch part)",2017,3.7,NA,-50,1193.35294117647,NA,NA,29237.8460926268,-5.80000325383969,1186296367.36224,NA,NA,30,NA,NA
"416","Sint Maarten (Dutch part)",2018,3.7,NA,640,1202.79411764706,NA,NA,27093.797137995,-6.59999773733001,1108000833.9583,NA,NA,32,NA,NA
"417","Sint Maarten (Dutch part)",2019,3.7,NA,540,1223.76470588235,NA,NA,28972.9116359026,8.80000000000001,1205504907.34664,NA,NA,33,NA,NA
"418","Sint Maarten (Dutch part)",2020,3.7,NA,475,1244.41176470588,NA,NA,23790.9855266944,-16.5,1006596597.63444,NA,NA,41,NA,NA
"419","Slovak Republic",2010,19179.1,0.450619405881077,-1558,112.108876920838,19.0482489381,NA,14584.2606782101,6.71663274983085,78629991379.8007,0.678357720375061,5925012,738,75.71,0.258187626728948
"420","Slovak Republic",2011,19186.78,0.422602077046268,-1855,112.260522375645,16.0803212053,NA,14954.577975505,2.67145277909515,80730554469.7187,NA,5983059,1074,74.43999717,0.257706750760968
"421","Slovak Republic",2012,19194.46,0.395464376954727,2629,112.451734320413,16.7034298983,NA,15126.0352987762,1.31880224556281,81795230834.9206,NA,6094466,1934,76.70999012,0.257471966660126
"422","Slovak Republic",2013,19202.14,0.399942745298177,1279,112.572637664282,17.5819646333,NA,15205.3955780546,0.632740007294188,82312781984.4718,NA,6208412,2673,77.8826,0.251524321252863
"423","Slovak Republic",2014,19209.82,0.360073947267181,1058,112.700686356073,17.6712513317,NA,15600.3671671802,2.69718980707125,84532913950.0738,NA,6378095,3564,79.98,0.250837431987198
"424","Slovak Republic",2015,19217.5,0.345932446528558,2637,112.803148787488,16.6667806323,NA,16390.8821748507,5.16718160614154,88900883130.8374,NA,6675553,5795,77.63468203,0.248902937257469
"425","Slovak Republic",2016,19233.7,0.347546312585386,3682,112.953369384359,16.5534550621,NA,16687.9844571492,1.94395086102337,90629072613.9167,NA,6989902,17600,80.47585728,0.248029847547267
"426","Slovak Republic",2017,19259,0.359908307891707,3542,113.128785357737,16.5481189184,NA,17151.652477668,2.93806867784903,93291817009.4113,0.694,7117753,37877,81.62566752,0.246909857862286
"427","Slovak Republic",2018,19259,0.340077011685325,3752,113.285586522463,14.3241766663,NA,17818.2341072167,4.03038971425349,97051840806.3988,0.680050134658813,7241702,70772,80.44892248,0.247486079367023
"428","Slovak Republic",2019,19259,0.311923378622869,3378,113.43899750416,13.2817494727,NA,18240.7209260966,2.50972314411537,99487573316.907,NA,7399534,109581,82.8536605,0.24733473446902
"429","Slovak Republic",2020,19259,0.301926543616233,1746,113.536335274542,12.9187765011,NA,17617.049313456,-3.33624467219524,96168424452.6254,0.664987325668335,7289707,141484,89.92090413,0.246573119096832
"430","St. Martin (French part)",2010,NA,NA,-447,NA,NA,NA,NA,NA,NA,NA,NA,0,NA,NA
"431","St. Martin (French part)",2011,12.4,NA,-857,727,NA,NA,NA,NA,NA,NA,NA,0,NA,NA
"432","St. Martin (French part)",2012,12.4,NA,-962,720.52,NA,NA,NA,NA,NA,NA,NA,1,NA,NA
"433","St. Martin (French part)",2013,12.4,NA,-1013,712.78,NA,NA,NA,NA,NA,NA,NA,2,NA,NA
"434","St. Martin (French part)",2014,12.4,NA,-865,705.22,NA,NA,NA,NA,NA,NA,NA,2,NA,NA
"435","St. Martin (French part)",2015,12.4,NA,-662,700.4,NA,NA,NA,NA,NA,NA,NA,4,NA,NA
"436","St. Martin (French part)",2016,12.4,NA,-734,696.22,NA,NA,NA,NA,NA,NA,NA,12,NA,NA
"437","St. Martin (French part)",2017,12.4,NA,-816,689.92,NA,NA,NA,NA,NA,NA,NA,9,NA,NA
"438","St. Martin (French part)",2018,12.4,NA,-1356,677.04,NA,NA,NA,NA,NA,NA,NA,11,NA,NA
"439","St. Martin (French part)",2019,12.4,NA,-949,662.42,NA,NA,NA,NA,NA,NA,NA,NA,NA,NA
"440","St. Martin (French part)",2020,12.4,NA,-949,651.06,NA,NA,NA,NA,NA,NA,NA,15,NA,NA
"441","Syrian Arab Republic",2010,4920.8,1.78004915091207,-54336,121.6444099548,0.022108129,NA,1536.41067796278,5.19190584075331,34319670312.8663,NA,11696000,6,20.7,0.209825933115443
"442","Syrian Arab Republic",2011,4980.8,1.63076819316855,-256835,123.785508903774,NA,NA,1552.86597632774,2.8500028435797,35297781892.6902,NA,12917000,7,22.5,0.205096773606025
"443","Syrian Arab Republic",2012,5040.8,1.73223074633015,-999191,123.103942710886,NA,NA,1150.18931355227,-26.3390170772532,26000693092.0829,NA,12980000,28,24.3001,0.206365004529634
"444","Syrian Arab Republic",2013,5100.8,1.60191098222441,-2081259,117.060507542341,NA,NA,891.451785733885,-26.3000876615061,19162488016.2659,NA,12291150,26,26.2,0.216879364598356
"445","Syrian Arab Republic",2014,5160.8,1.54792898446221,-1457678,109.308021565104,NA,NA,856.246099923386,-10.310339909053,17186770366.7574,NA,14039749,24,28.09,0.232211345504576
"446","Syrian Arab Republic",2015,5220.8,1.53388922161248,-827474,104.586276752165,NA,NA,857.497867522093,-4.179791613232,16468399180.3822,NA,14312271,44,29.97979724,0.242903242031915
"447","Syrian Arab Republic",2016,5220.8,1.58815963453354,-133823,103.274258018842,NA,NA,812.766088932086,-6.4055907393619,15413500927.5625,NA,13349860,110,31.86962727,0.245968045562778
"448","Syrian Arab Republic",2017,5220.8,1.68568617520901,-293599,103.378385884659,NA,NA,806.074762587407,-0.723281777470547,15302017884.0832,NA,15386000,227,32.7,0.245923103338906
"449","Syrian Arab Republic",2018,5220.8,1.82421731379295,513647,105.284882644448,NA,NA,802.505062685495,1.39317607830837,15515201936.7427,NA,17129676,323,33.77,0.241153020542673
"450","Syrian Arab Republic",2019,5220.8,1.70907921503014,500572,109.449714099003,NA,NA,781.391217414265,1.22070522070523,15704596816.7875,NA,17733979,386,34.65,0.231769072841214
"451","Syrian Arab Republic",2020,5220.8,1.67158061018301,270006,113.122011653869,NA,NA,726.738798208621,-3.87368168638868,15096250725.9744,NA,16660253,686,35.78,0.224363735007591
"452","Timor-Leste",2010,9351,0.188276270542245,-1607,73.2001344989913,NA,NA,1191.1030722367,9.32942855959875,1296499018.68663,0.410665601491928,473020,2,3,0.106570043160867
"453","Timor-Leste",2011,9337,0.183734795167698,-309,74.8470746469401,NA,NA,1234.27559430174,5.95604732776135,1373719113.84357,NA,614151,2,4,0.103865671856356
"454","Timor-Leste",2012,9323,0.208544114915562,-769,76.5081371889711,NA,NA,1266.14485113299,4.85859846757619,1440462609.65758,NA,621000,1,7,0.101259057939167
"455","Timor-Leste",2013,9309,0.245361015890364,-1580,78.1139878950908,10.9975562153,NA,1278.59507888508,3.10288492718347,1485158506.85435,NA,650000,3,11,0.0988330298608331
"456","Timor-Leste",2014,9295,0.289899122594643,-1586,79.6792199058507,NA,NA,1309.53318424493,4.47196009907628,1551574202.68892,NA,1375749,7,17.5,0.0965539360076973
"457","Timor-Leste",2015,9281,0.274201547921675,-5529,81.0903160726294,NA,NA,1322.30088745104,2.76321926703736,1594447600,NA,1376669,11,18.6,0.0945420226851095
"458","Timor-Leste",2016,9267,0.314792506339794,-5475,82.3511768661735,NA,NA,1346.10366532444,3.38297706472279,1648387396.61702,NA,1492124,14,21.2,0.0927678631216713
"459","Timor-Leste",2017,9256,0.351567645687654,-5412,83.6069266980498,0.2570378364,NA,1285.34468525911,-3.05764876280608,1597985499.77811,0.434,1556624,15,24.2,0.0910527776325473
"460","Timor-Leste",2018,9239,0.321433124076626,-5352,84.8584398117014,NA,NA,1257.64677949344,-0.690256532975013,1586955300.4699,0.453051894903183,1468493,37,27.6,0.0893929127586986
"461","Timor-Leste",2019,9225,0.315084570169992,-5265,86.1088096839274,NA,NA,1530.811079542,23.5137925111191,1960108677.0666,NA,1425256,49,28.00455613,0.0870795774570889
"462","Timor-Leste",2020,9211,0.172527994406992,-3506,87.4240080699395,NA,NA,1988.98252518897,31.9144886243049,2585667337.83303,0.454314529895783,1377915,119,34.12927356,0.0857695606521564
"463","Turkiye",2010,210830.8,0.484905510741974,69638,95.1045892181958,1.8373282613,NA,8390.82238003937,8.42710432276191,614169138940.703,0.627476394176483,61769635,6245,39.82,0.292149726188189
"464","Turkiye",2011,211925.24,0.466561307952257,68855,96.3759910606395,1.6546374216,NA,9207.5134948613,11.2001105833504,682956761670.872,NA,65321745,8689,43.06571043,0.276903502951323
"465","Turkiye",2012,213019.68,0.460830220447174,297814,97.8099073580812,1.7334957431,NA,9506.96657498285,4.78849271108008,715660096423.31,NA,67680547,16733,45.13,0.273348831646624
"466","Turkiye",2013,214114.12,0.410990252656724,393572,99.4973129945558,1.7183274792,NA,10138.7969635883,8.48581699653026,776389702522.984,NA,69661108,20046,46.25,0.268673847748117
"467","Turkiye",2014,215208.56,0.41936203075028,703144,101.493020022608,1.8765466313,NA,10430.4124967954,4.9397151613658,814741142369.795,NA,71888416,23067,51.04,0.26499104690257
"468","Turkiye",2015,216303,0.408895165597895,341261,103.486321998883,1.7996121158,NA,10851.9201069804,6.08448690443663,864313960482.343,NA,73639261,28548,53.74497914,0.259271700394713
"469","Turkiye",2016,216303,0.421482523577169,375842,105.270576770656,1.4755805985,NA,11022.4947031155,3.32308420845746,893035841214.625,NA,75061699,103855,58.34773401,0.251569395841198
"470","Turkiye",2017,217524.6,0.435504728397803,-252010,106.661416524824,1.3314474814,NA,11694.888567555,7.50199748917491,960031367599.978,0.626,77800170,271843,64.68461768,0.243611187578836
"471","Turkiye",2018,219083.6,0.418870604833759,-261813,107.596252744825,1.2384446547,NA,11938.7454433443,2.97988525813022,988639200796.515,0.625309884548187,80117999,356867,71.04276084,0.238173720189702
"472","Turkiye",2019,220643.6,0.40021918069835,-218341,108.469893325364,1.1463835834,NA,11935.3878678248,0.783610198384551,996386278399.184,NA,80790877,453706,73.97670229,0.234542465626352
"473","Turkiye",2020,222203.6,0.401102278648884,-80952,109.31931967309,1.0045039656,NA,12072.3994354645,1.9400322454902,1015716493489.77,0.649261832237244,82128104,570108,77.6695605,0.232791351581405
"474","Turks and Caicos Islands",2010,105.2,NA,899,31.2905263157895,NA,NA,NA,NA,NA,NA,NA,3,NA,0.0336405840005383
"475","Turks and Caicos Islands",2011,105.2,NA,821,32.4378947368421,1.6548510181,NA,25240.4131944595,NA,777808573.000464,NA,NA,8,NA,0.0324506749740395
"476","Turks and Caicos Islands",2012,105.2,NA,1256,33.7694736842105,1.8582597748,NA,24009.411965321,-0.97229935533214,770245945.259462,NA,NA,10,NA,0.0311710981577881
"477","Turks and Caicos Islands",2013,105.2,NA,1337,35.3621052631579,NA,NA,23173.6123127498,1.07087701348118,778494332.034517,NA,NA,28,NA,0.0297672203369649
"478","Turks and Caicos Islands",2014,105.2,NA,1005,36.8263157894737,NA,NA,24190.6897861489,8.71129658152685,846311282.16842,NA,NA,31,NA,0.0285836787194512
"479","Turks and Caicos Islands",2015,105.2,NA,1663,38.4610526315789,NA,NA,25783.2941047676,11.3148341336331,942070000,NA,NA,30,NA,0.0273687667633696
"480","Turks and Caicos Islands",2016,105.2,NA,1312,40.2589473684211,NA,NA,26417.9573446856,7.25118054973062,1010381196.60485,NA,NA,33,NA,0.0261465251268106
"481","Turks and Caicos Islands",2017,105.2,NA,1425,41.9410526315789,NA,NA,24726.9473986239,-2.49021899245794,985220492.150769,NA,NA,28,NA,0.0250978817387812
"482","Turks and Caicos Islands",2018,105.2,NA,1403,43.6705263157895,NA,NA,25080.1644890531,5.61095637443547,1040500784.15735,NA,NA,28,NA,0.024103936172777
"483","Turks and Caicos Islands",2019,105.2,NA,1358,45.3473684210526,NA,NA,25438.7832890572,5.32455148316902,1095902784.09258,NA,NA,29,NA,0.0232126276694522
"484","Turks and Caicos Islands",2020,105.2,NA,682,46.6063157894737,NA,NA,18122.4250199858,-26.7828769274205,802388490.184892,NA,NA,30,NA,0.0225855994218087
"485","Venezuela, RB",2010,475050,NA,-52784,32.5548687716116,0.0208215047,NA,NA,-1.48879125078348,NA,NA,27880132,201,37.37,0.0905449419471105
"486","Venezuela, RB",2011,473406,NA,-54377,32.9869723938552,0.0073726365,NA,NA,4.17642535923927,NA,NA,28781999,189,40.22,0.0893588737949913
"487","Venezuela, RB",2012,471762,NA,-55130,33.4112873419874,0.0005291458,NA,NA,5.62595697508641,NA,NA,30569073,355,49.05008307,0.0882240385666634
"488","Venezuela, RB",2013,470118,NA,-57815,33.8280380930786,0.0014281215,NA,NA,1.34309403607476,NA,NA,30896079,443,54.9,0.0871371462604708
"489","Venezuela, RB",2014,468474,NA,-62437,34.2307783005499,NA,NA,NA,-3.89438647450662,NA,NA,30528022,493,57,0.0861119392945273
"490","Venezuela, RB",2015,466830,NA,-77421,34.6122283317272,NA,NA,NA,NA,NA,NA,29093517,645,58,0.0851629278176056
"491","Venezuela, RB",2016,465432.6,NA,-283326,34.8522918201916,NA,NA,NA,NA,NA,NA,27600893,4421,60,0.0845763233657317
"492","Venezuela, RB",2017,464281.8,NA,-817764,34.6504540558925,NA,NA,NA,NA,NA,NA,24493687,8626,61.6,0.0850689776897772
"493","Venezuela, RB",2018,463377.6,NA,-1356759,33.8140162122329,NA,NA,NA,NA,NA,NA,20731169,7956,NA,0.0871732799949091
"494","Venezuela, RB",2019,462720,NA,-976460,32.8458511422255,NA,NA,NA,NA,NA,NA,18476236,6191,NA,0.0897428016177037
"495","Venezuela, RB",2020,462309,NA,-525142,32.3002698259736,NA,NA,NA,NA,NA,NA,16543805,5531,NA,0.0912586402188831
"496","Viet Nam",2010,133880.6,0.853887870372461,-4382,279.006339093631,7.9094555514,NA,2028.60553368665,6.42323821717194,177322462648.35,0.656642436981201,111570201,202,30.65,0.0736451832865177
"497","Viet Nam",2011,135228.2,0.826591803479423,-4378,282.009668543558,11.637502487,NA,2135.78215231252,6.41317768937854,188694467261.171,NA,127318045,327,35.07,0.072865470743754
"498","Viet Nam",2012,136575.8,0.781202687760201,-4545,284.891790580526,18.2364014301,NA,2229.32009199513,5.50454561980331,199081240293.607,NA,131673724,812,36.8,0.071682026311681
"499","Viet Nam",2013,137923.4,0.781857692727675,-4786,288.388578631689,24.5356898295,NA,2327.93265665659,5.5535002447951,210137217460.653,NA,123735557,1286,38.5,0.0711527736393176
"500","Viet Nam",2014,139271,0.808015828233274,-4875,291.142141423425,23.9735026384,NA,2451.15923163041,6.42224665601026,223632747882.053,NA,136148124,1864,41,0.0702522561830754
"501","Viet Nam",2015,140618.6,0.842241483848388,-4761,294.181235102096,29.3702554271,NA,2595.23497870737,6.98716672377549,239258340825.533,NA,120324052,3033,45,0.0759593644517681
"502","Viet Nam",2016,143776.8,0.869796960183256,-4432,297.161429797662,31.2395334813,NA,2741.05293745428,6.69000921330894,255264745870.371,NA,120600235,26098,53,0.0751450749334811
"503","Viet Nam",2017,144153.9,0.842101604288249,-3847,300.038761594497,33.4493320721,NA,2903.02829038899,6.94018778219049,272980598575.506,0.666,120016181,127584,58.14,0.0743174888896508
"504","Viet Nam",2018,144912.9,0.975390948229845,-3080,302.825616008729,33.7576256971,NA,3090.77224054251,7.464991257446,293358576393.691,0.687239348888397,140639140,169056,69.84792868,0.0732460525191507
"505","Viet Nam",2019,145671.9,1.08499552519636,-4028,305.577071681306,35.0105651501,NA,3288.35307286665,7.3592809998546,314947658367.676,NA,136230406,250511,68.66158021,0.0708314116762993
"506","Viet Nam",2020,146430.9,1.09677031920016,-2016,308.359102061392,38.7616911113,NA,3352.06015678922,2.86541194612104,323972206194.572,0.689964532852173,138934626,302313,70.30000012,0.0702234075921467
"507","Virgin Islands (U.S.)",2010,184.3,NA,-1090,309.591428571429,NA,NA,47162.7375570431,0.596383224317051,5110412753.46852,NA,NA,30,31.22,0.00922875310316823
"508","Virgin Islands (U.S.)",2011,185.76,NA,-1018,309.4,NA,NA,43320.176769501,-8.20424555364315,4691141942.36926,NA,NA,52,35.6,0.00923446301597562
"509","Virgin Islands (U.S.)",2012,187.22,NA,-932,309.108571428571,NA,NA,36938.1682086351,-14.8125,3996266542.15582,NA,NA,68,40.5479,0.00924316929788886
"510","Virgin Islands (U.S.)",2013,188.68,NA,-858,308.688571428571,NA,NA,34663.6460602129,-6.28515529469308,3745094983.99146,NA,NA,73,45.3,0.00925574550402162
"511","Virgin Islands (U.S.)",2014,190.14,NA,-748,308.234285714286,NA,NA,34098.7109972738,-1.77453027139875,3678637139.8079,NA,NA,67,50.07,0.00926938692274893
"512","Virgin Islands (U.S.)",2015,191.6,NA,-630,307.748571428571,NA,NA,34007.3529411765,-0.425079702444208,3.663e+09,NA,NA,57,54.8391373,0.00928401663695781
"513","Virgin Islands (U.S.)",2016,193.1,NA,-526,307.188571428571,NA,NA,34614.7482633247,1.6008537886873,3721639274.27962,NA,NA,90,59.6083158,0.00930094125525503
"514","Virgin Islands (U.S.)",2017,194.6,NA,-471,306.517142857143,NA,NA,34435.4944455756,-0.735294117647058,3694274279.6158,NA,NA,113,64.3774943,0.00932131505112741
"515","Virgin Islands (U.S.)",2018,196.1,NA,-458,305.717142857143,NA,NA,35183.2357524821,1.9047619047619,3764641408.75133,NA,NA,92,NA,0.00841113634452014
"516","Virgin Islands (U.S.)",2019,197.6,NA,-458,304.768571428571,NA,NA,36273.0950999508,2.77777777777777,3869214781.21665,NA,80000,126,NA,0.00843731543372489
"517","Virgin Islands (U.S.)",2020,199.1,NA,0,303.685714285714,NA,NA,35620.8719163345,-2.14700681990402,3786142475.98719,NA,80000,69,NA,0.00846740050804403
"518","West Bank and Gaza",2010,99.5,NA,-26350,628.930398671096,1.3490652895,NA,2927.08101953403,5.77736205629419,11082400000,NA,2603582,14,37.4,0.0115420342663717
"519","West Bank and Gaza",2011,99.88,NA,-26662,645.014285714286,0.9687249613,NA,3128.10811061384,9.60080848913594,12146400000,NA,2884964,20,41.08,0.0113923665962226
"520","West Bank and Gaza",2012,100.26,NA,-26918,661.129235880399,0.7258008415,NA,3237.91619995789,6.09645656326154,12886900000,NA,3134700,46,43.4,0.0120157598069145
"521","West Bank and Gaza",2013,100.64,NA,-26976,677.194019933555,0.5845354903,NA,3309.63120243098,4.69856986552234,13492400000,NA,3190233,60,46.6,0.0151124632914597
"522","West Bank and Gaza",2014,101.02,NA,-27076,693.255481727575,0.4210459663,NA,3227.84934482645,-0.157866650855297,13471100000,NA,3197550,88,53.67,0.0142463048096539
"523","West Bank and Gaza",2015,101.4,NA,-22904,709.317607973422,0.3518852325,NA,3272.15432360708,3.72129967114788,13972400000,NA,3531000,139,56.7,0.0134193361641857
"524","West Bank and Gaza",2016,101.4,NA,-22774,725.429900332226,0.3910341069,0.102,3483.09903532972,8.86461881995935,1.5211e+10,NA,3713190,472,59.9,0.0133769230205574
"525","West Bank and Gaza",2017,101.4,NA,-25452,740.000830564784,0.3139785711,NA,3462.97986107136,1.41936756294787,15426900000,0.554,3996206,2440,63.3,0.0130992265654726
"526","West Bank and Gaza",2018,101.4,NA,-25137,758.984551495017,0.4125897817,NA,3417.79440837962,1.22707737782703,15616200000,0.571729004383087,4375502,2143,64.39999371,0.0118822206712194
"527","West Bank and Gaza",2019,101.4,NA,-24737,778.290033222591,0.4632776232,NA,3378.4346209191,1.36268746558062,1.5829e+10,NA,4300230,2613,70.6225837,0.0107201749469512
"528","West Bank and Gaza",2020,101.4,NA,-12369,797.885215946844,1.1549838095,NA,2922.46801084844,-11.3184661065134,14037400000,0.579996645450592,4062334,2573,76.01,0.00961087126288367
"529","Yemen, Rep.",2010,5490,0.403433288174398,-25573,46.8661969430081,0.0376590393,NA,2547.64034625481,7.70230703961865,63038675155.1503,NA,11085000,5,12.35,0.0521743783307642
"530","Yemen, Rep.",2011,5490,0.417097297266358,-21770,48.2520029547133,0.006342143,NA,2159.84514619824,-12.7148968954117,55023372604.9394,NA,11668000,7,14.905,0.0455730009997798
"531","Yemen, Rep.",2012,5490,0.372958314867795,-20983,49.6683353220827,0.0109526265,NA,2148.46647881014,2.3929902093532,56340076524.2316,NA,13900000,13,17.4465,0.045913207792234
"532","Yemen, Rep.",2013,5490,0.471149793396912,-23747,51.1089683125935,0.0135319526,NA,2188.61719834818,4.82351906650533,59057650857.4616,NA,16844700,24,20,0.0445078532087272
"533","Yemen, Rep.",2014,5490,0.46533776723446,-30048,52.5660624656704,0.0750048883,NA,2123.93503990655,-0.188690232450909,58946214838.7786,NA,17100000,36,22.55,0.0415662221694397
"534","Yemen, Rep.",2015,5490,0.31929233151625,-38355,54.0116767998182,0.0757393629,NA,1488.41626715083,-27.9945462536875,42444489460.9387,NA,15021953,37,24.08540947,0.0398926307517268
"535","Yemen, Rep.",2016,5490,0.260889915455796,-39688,55.4463359660587,NA,NA,1313.97360771583,-9.37512381761694,38465266020.2203,NA,16433055,39,24.57920836,0.0374325314318145
"536","Yemen, Rep.",2017,5490,0.265161241133152,-39672,56.8865446900392,NA,NA,1215.75259399281,-5.07179563883867,36514386335.7391,0.369,15357868,94,26.71835477,0.0387222793178846
"537","Yemen, Rep.",2018,5490,0.308509539253999,-39699,58.3186790916151,NA,NA,1194.82055900925,0.752447587579127,36789137954.8417,0.372636258602142,15297789,107,NA,0.037901284723642
"538","Yemen, Rep.",2019,5490,0.300095008961847,-39769,59.7509157717295,NA,NA,1182.50709380008,NA,NA,NA,15238000,129,NA,0.0367074949318773
"539","Yemen, Rep.",2020,5490,0.291799832443435,-86100,61.14750080497,NA,NA,1057.28167053715,NA,NA,0.372784405946732,15178000,169,NA,0.0358691100861398
